Area,iso3,subregion,year,pou_pct,drought_occurred,total_affected,pou_lag_1,pou_lag_2,pou_lag_3,pou_change_1yr,pou_change_2yr,pou_change_3yr
Algeria,DZA,North Africa,2002,7.3,0,0,6.7,6.4,6.4,-0.6,-0.9,-0.9
Algeria,DZA,North Africa,2003,6.7,0,0,6.4,6.4,6.1,-0.3,-0.3,-0.6
Algeria,DZA,North Africa,2004,6.4,0,0,6.4,6.1,5.8,0.0,-0.3,-0.6
Algeria,DZA,North Africa,2005,6.4,0,0,6.1,5.8,5.3,-0.3,-0.6,-1.1
Algeria,DZA,North Africa,2006,6.1,0,0,5.8,5.3,5.0,-0.3,-0.8,-1.1
Algeria,DZA,North Africa,2007,5.8,0,0,5.3,5.0,4.7,-0.5,-0.8,-1.1
Algeria,DZA,North Africa,2008,5.3,0,0,5.0,4.7,4.1,-0.3,-0.6,-1.2
Algeria,DZA,North Africa,2009,5.0,0,0,4.7,4.1,3.7,-0.3,-0.9,-1.3
Algeria,DZA,North Africa,2010,4.7,0,0,4.1,3.7,3.1,-0.6,-1.0,-1.6
Algeria,DZA,North Africa,2011,4.1,0,0,3.7,3.1,2.9,-0.4,-1.0,-1.2
Algeria,DZA,North Africa,2012,3.7,0,0,3.1,2.9,2.7,-0.6,-0.8,-1.0
Algeria,DZA,North Africa,2013,3.1,0,0,2.9,2.7,2.6,-0.2,-0.4,-0.5
Algeria,DZA,North Africa,2014,2.9,0,0,2.7,2.6,2.6,-0.2,-0.3,-0.3
Algeria,DZA,North Africa,2015,2.7,0,0,2.6,2.6,2.5,-0.1,-0.1,-0.2
Algeria,DZA,North Africa,2016,2.6,0,0,2.6,2.5,2.5,0.0,-0.1,-0.1
Algeria,DZA,North Africa,2017,2.6,0,0,2.5,2.5,2.5,-0.1,-0.1,-0.1
Algeria,DZA,North Africa,2018,2.5,0,0,2.5,2.5,2.5,0.0,0.0,0.0
Algeria,DZA,North Africa,2019,2.5,0,0,2.5,2.5,2.5,0.0,0.0,0.0
Algeria,DZA,North Africa,2020,2.5,0,0,2.5,2.5,2.5,0.0,0.0,0.0
Algeria,DZA,North Africa,2021,2.5,0,0,2.5,2.5,2.5,0.0,0.0,0.0
Algeria,DZA,North Africa,2022,2.5,0,0,2.5,2.5,,0.0,0.0,
Algeria,DZA,North Africa,2023,2.5,0,0,2.5,,,0.0,,
Angola,AGO,Central Africa,2002,67.8,0,0,63.6,57.5,50.6,-4.2,-10.3,-17.2
Angola,AGO,Central Africa,2003,63.6,0,0,57.5,50.6,42.9,-6.1,-13.0,-20.7
Angola,AGO,Central Africa,2004,57.5,1,25000,50.6,42.9,36.0,-6.9,-14.6,-21.5
Angola,AGO,Central Africa,2005,50.6,0,0,42.9,36.0,29.8,-7.7,-14.6,-20.8
Angola,AGO,Central Africa,2006,42.9,0,0,36.0,29.8,24.4,-6.9,-13.1,-18.5
Angola,AGO,Central Africa,2007,36.0,0,0,29.8,24.4,19.7,-6.2,-11.6,-16.3
Angola,AGO,Central Africa,2008,29.8,0,0,24.4,19.7,16.2,-5.4,-10.1,-13.6
Angola,AGO,Central Africa,2009,24.4,0,0,19.7,16.2,14.8,-4.7,-8.2,-9.6
Angola,AGO,Central Africa,2010,19.7,0,0,16.2,14.8,14.0,-3.5,-4.9,-5.7
Angola,AGO,Central Africa,2011,16.2,0,0,14.8,14.0,13.5,-1.4,-2.2,-2.7
Angola,AGO,Central Africa,2012,14.8,1,1833900,14.0,13.5,13.2,-0.8,-1.3,-1.6
Angola,AGO,Central Africa,2013,14.0,0,0,13.5,13.2,14.2,-0.5,-0.8,0.2
Angola,AGO,Central Africa,2014,13.5,0,0,13.2,14.2,15.2,-0.3,0.7,1.7
Angola,AGO,Central Africa,2015,13.2,0,0,14.2,15.2,15.4,1.0,2.0,2.2
Angola,AGO,Central Africa,2016,14.2,0,0,15.2,15.4,15.9,1.0,1.2,1.7
Angola,AGO,Central Africa,2017,15.2,1,1420000,15.4,15.9,18.2,0.2,0.7,3.0
Angola,AGO,Central Africa,2018,15.4,0,0,15.9,18.2,20.8,0.5,2.8,5.4
Angola,AGO,Central Africa,2019,15.9,0,0,18.2,20.8,22.6,2.3,4.9,6.7
Angola,AGO,Central Africa,2020,18.2,1,1643316,20.8,22.6,23.1,2.6,4.4,4.9
Angola,AGO,Central Africa,2021,20.8,0,0,22.6,23.1,22.5,1.8,2.3,1.7
Angola,AGO,Central Africa,2022,22.6,0,0,23.1,22.5,,0.5,-0.1,
Angola,AGO,Central Africa,2023,23.1,0,0,22.5,,,-0.6,,
Benin,BEN,West Africa,2002,14.3,0,0,12.8,11.2,10.4,-1.5,-3.1,-3.9
Benin,BEN,West Africa,2003,12.8,0,0,11.2,10.4,9.2,-1.6,-2.4,-3.6
Benin,BEN,West Africa,2004,11.2,0,0,10.4,9.2,8.9,-0.8,-2.0,-2.3
Benin,BEN,West Africa,2005,10.4,0,0,9.2,8.9,8.5,-1.2,-1.5,-1.9
Benin,BEN,West Africa,2006,9.2,0,0,8.9,8.5,8.2,-0.3,-0.7,-1.0
Benin,BEN,West Africa,2007,8.9,0,0,8.5,8.2,8.7,-0.4,-0.7,-0.2
Benin,BEN,West Africa,2008,8.5,0,0,8.2,8.7,9.1,-0.3,0.2,0.6
Benin,BEN,West Africa,2009,8.2,0,0,8.7,9.1,9.6,0.5,0.9,1.4
Benin,BEN,West Africa,2010,8.7,0,0,9.1,9.6,9.4,0.4,0.9,0.7
Benin,BEN,West Africa,2011,9.1,0,0,9.6,9.4,9.2,0.5,0.3,0.1
Benin,BEN,West Africa,2012,9.6,0,0,9.4,9.2,9.2,-0.2,-0.4,-0.4
Benin,BEN,West Africa,2013,9.4,0,0,9.2,9.2,9.1,-0.2,-0.2,-0.3
Benin,BEN,West Africa,2014,9.2,0,0,9.2,9.1,9.7,0.0,-0.1,0.5
Benin,BEN,West Africa,2015,9.2,0,0,9.1,9.7,10.5,-0.1,0.5,1.3
Benin,BEN,West Africa,2016,9.1,0,0,9.7,10.5,11.4,0.6,1.4,2.3
Benin,BEN,West Africa,2017,9.7,0,0,10.5,11.4,11.8,0.8,1.7,2.1
Benin,BEN,West Africa,2018,10.5,0,0,11.4,11.8,11.7,0.9,1.3,1.2
Benin,BEN,West Africa,2019,11.4,0,0,11.8,11.7,12.5,0.4,0.3,1.1
Benin,BEN,West Africa,2020,11.8,0,0,11.7,12.5,13.3,-0.1,0.7,1.5
Benin,BEN,West Africa,2021,11.7,0,0,12.5,13.3,14.3,0.8,1.6,2.6
Benin,BEN,West Africa,2022,12.5,0,0,13.3,14.3,,0.8,1.8,
Benin,BEN,West Africa,2023,13.3,0,0,14.3,,,1.0,,
Botswana,BWA,Southern Africa,2002,28.1,0,0,28.5,29.0,28.1,0.4,0.9,0.0
Botswana,BWA,Southern Africa,2003,28.5,0,0,29.0,28.1,26.9,0.5,-0.4,-1.6
Botswana,BWA,Southern Africa,2004,29.0,0,0,28.1,26.9,26.6,-0.9,-2.1,-2.4
Botswana,BWA,Southern Africa,2005,28.1,0,0,26.9,26.6,26.3,-1.2,-1.5,-1.8
Botswana,BWA,Southern Africa,2006,26.9,0,0,26.6,26.3,26.0,-0.3,-0.6,-0.9
Botswana,BWA,Southern Africa,2007,26.6,0,0,26.3,26.0,24.8,-0.3,-0.6,-1.8
Botswana,BWA,Southern Africa,2008,26.3,0,0,26.0,24.8,23.3,-0.3,-1.5,-3.0
Botswana,BWA,Southern Africa,2009,26.0,0,0,24.8,23.3,22.0,-1.2,-2.7,-4.0
Botswana,BWA,Southern Africa,2010,24.8,0,0,23.3,22.0,21.3,-1.5,-2.8,-3.5
Botswana,BWA,Southern Africa,2011,23.3,0,0,22.0,21.3,20.8,-1.3,-2.0,-2.5
Botswana,BWA,Southern Africa,2012,22.0,0,0,21.3,20.8,20.1,-0.7,-1.2,-1.9
Botswana,BWA,Southern Africa,2013,21.3,0,0,20.8,20.1,20.3,-0.5,-1.2,-1.0
Botswana,BWA,Southern Africa,2014,20.8,0,0,20.1,20.3,20.9,-0.7,-0.5,0.1
Botswana,BWA,Southern Africa,2015,20.1,1,0,20.3,20.9,22.1,0.2,0.8,2.0
Botswana,BWA,Southern Africa,2016,20.3,0,0,20.9,22.1,22.1,0.6,1.8,1.8
Botswana,BWA,Southern Africa,2017,20.9,0,0,22.1,22.1,22.8,1.2,1.2,1.9
Botswana,BWA,Southern Africa,2018,22.1,0,0,22.1,22.8,22.8,0.0,0.7,0.7
Botswana,BWA,Southern Africa,2019,22.1,1,38000,22.8,22.8,22.9,0.7,0.7,0.8
Botswana,BWA,Southern Africa,2020,22.8,0,0,22.8,22.9,22.5,0.0,0.1,-0.3
Botswana,BWA,Southern Africa,2021,22.8,0,0,22.9,22.5,24.0,0.1,-0.3,1.2
Botswana,BWA,Southern Africa,2022,22.9,0,0,22.5,24.0,,-0.4,1.1,
Botswana,BWA,Southern Africa,2023,22.5,1,37000,24.0,,,1.5,,
Burkina Faso,BFA,West Africa,2002,22.4,0,0,20.4,18.5,17.4,-2.0,-3.9,-5.0
Burkina Faso,BFA,West Africa,2003,20.4,0,0,18.5,17.4,17.0,-1.9,-3.0,-3.4
Burkina Faso,BFA,West Africa,2004,18.5,0,0,17.4,17.0,16.5,-1.1,-1.5,-2.0
Burkina Faso,BFA,West Africa,2005,17.4,0,0,17.0,16.5,15.9,-0.4,-0.9,-1.5
Burkina Faso,BFA,West Africa,2006,17.0,0,0,16.5,15.9,15.4,-0.5,-1.1,-1.6
Burkina Faso,BFA,West Africa,2007,16.5,0,0,15.9,15.4,15.0,-0.6,-1.1,-1.5
Burkina Faso,BFA,West Africa,2008,15.9,0,0,15.4,15.0,15.0,-0.5,-0.9,-0.9
Burkina Faso,BFA,West Africa,2009,15.4,0,0,15.0,15.0,14.6,-0.4,-0.4,-0.8
Burkina Faso,BFA,West Africa,2010,15.0,0,0,15.0,14.6,14.1,0.0,-0.4,-0.9
Burkina Faso,BFA,West Africa,2011,15.0,1,2850000,14.6,14.1,13.5,-0.4,-0.9,-1.5
Burkina Faso,BFA,West Africa,2012,14.6,0,0,14.1,13.5,13.4,-0.5,-1.1,-1.2
Burkina Faso,BFA,West Africa,2013,14.1,0,0,13.5,13.4,13.6,-0.6,-0.7,-0.5
Burkina Faso,BFA,West Africa,2014,13.5,1,4000000,13.4,13.6,14.0,-0.1,0.1,0.5
Burkina Faso,BFA,West Africa,2015,13.4,0,0,13.6,14.0,14.0,0.2,0.6,0.6
Burkina Faso,BFA,West Africa,2016,13.6,0,0,14.0,14.0,14.5,0.4,0.4,0.9
Burkina Faso,BFA,West Africa,2017,14.0,0,0,14.0,14.5,14.3,0.0,0.5,0.3
Burkina Faso,BFA,West Africa,2018,14.0,0,0,14.5,14.3,14.9,0.5,0.3,0.9
Burkina Faso,BFA,West Africa,2019,14.5,0,0,14.3,14.9,14.3,-0.2,0.4,-0.2
Burkina Faso,BFA,West Africa,2020,14.3,1,2900000,14.9,14.3,13.9,0.6,0.0,-0.4
Burkina Faso,BFA,West Africa,2021,14.9,0,0,14.3,13.9,13.1,-0.6,-1.0,-1.8
Burkina Faso,BFA,West Africa,2022,14.3,1,3500928,13.9,13.1,,-0.4,-1.2,
Burkina Faso,BFA,West Africa,2023,13.9,0,0,13.1,,,-0.8,,
Cabo Verde,CPV,West Africa,2002,16.2,1,30000,16.1,14.8,13.0,-0.1,-1.4,-3.2
Cabo Verde,CPV,West Africa,2003,16.1,0,0,14.8,13.0,12.7,-1.3,-3.1,-3.4
Cabo Verde,CPV,West Africa,2004,14.8,0,0,13.0,12.7,13.1,-1.8,-2.1,-1.7
Cabo Verde,CPV,West Africa,2005,13.0,0,0,12.7,13.1,14.1,-0.3,0.1,1.1
Cabo Verde,CPV,West Africa,2006,12.7,0,0,13.1,14.1,15.0,0.4,1.4,2.3
Cabo Verde,CPV,West Africa,2007,13.1,0,0,14.1,15.0,15.2,1.0,1.9,2.1
Cabo Verde,CPV,West Africa,2008,14.1,0,0,15.0,15.2,14.7,0.9,1.1,0.6
Cabo Verde,CPV,West Africa,2009,15.0,0,0,15.2,14.7,14.1,0.2,-0.3,-0.9
Cabo Verde,CPV,West Africa,2010,15.2,0,0,14.7,14.1,14.6,-0.5,-1.1,-0.6
Cabo Verde,CPV,West Africa,2011,14.7,0,0,14.1,14.6,15.3,-0.6,-0.1,0.6
Cabo Verde,CPV,West Africa,2012,14.1,0,0,14.6,15.3,16.3,0.5,1.2,2.2
Cabo Verde,CPV,West Africa,2013,14.6,0,0,15.3,16.3,16.6,0.7,1.7,2.0
Cabo Verde,CPV,West Africa,2014,15.3,0,0,16.3,16.6,16.5,1.0,1.3,1.2
Cabo Verde,CPV,West Africa,2015,16.3,0,0,16.6,16.5,15.5,0.3,0.2,-0.8
Cabo Verde,CPV,West Africa,2016,16.6,0,0,16.5,15.5,14.8,-0.1,-1.1,-1.8
Cabo Verde,CPV,West Africa,2017,16.5,1,70000,15.5,14.8,13.4,-1.0,-1.7,-3.1
Cabo Verde,CPV,West Africa,2018,15.5,0,0,14.8,13.4,12.6,-0.7,-2.1,-2.9
Cabo Verde,CPV,West Africa,2019,14.8,0,0,13.4,12.6,12.1,-1.4,-2.2,-2.7
Cabo Verde,CPV,West Africa,2020,13.4,0,0,12.6,12.1,12.8,-0.8,-1.3,-0.6
Cabo Verde,CPV,West Africa,2021,12.6,0,0,12.1,12.8,13.5,-0.5,0.2,0.9
Cabo Verde,CPV,West Africa,2022,12.1,1,46093,12.8,13.5,,0.7,1.4,
Cabo Verde,CPV,West Africa,2023,12.8,0,0,13.5,,,0.7,,
Cameroon,CMR,Central Africa,2002,24.2,0,0,22.0,19.6,16.8,-2.2,-4.6,-7.4
Cameroon,CMR,Central Africa,2003,22.0,0,0,19.6,16.8,13.8,-2.4,-5.2,-8.2
Cameroon,CMR,Central Africa,2004,19.6,0,0,16.8,13.8,11.2,-2.8,-5.8,-8.4
Cameroon,CMR,Central Africa,2005,16.8,0,0,13.8,11.2,9.1,-3.0,-5.6,-7.7
Cameroon,CMR,Central Africa,2006,13.8,0,0,11.2,9.1,7.3,-2.6,-4.7,-6.5
Cameroon,CMR,Central Africa,2007,11.2,0,0,9.1,7.3,5.9,-2.1,-3.9,-5.3
Cameroon,CMR,Central Africa,2008,9.1,0,0,7.3,5.9,4.9,-1.8,-3.2,-4.2
Cameroon,CMR,Central Africa,2009,7.3,0,0,5.9,4.9,4.3,-1.4,-2.4,-3.0
Cameroon,CMR,Central Africa,2010,5.9,0,0,4.9,4.3,4.1,-1.0,-1.6,-1.8
Cameroon,CMR,Central Africa,2011,4.9,0,0,4.3,4.1,4.2,-0.6,-0.8,-0.7
Cameroon,CMR,Central Africa,2012,4.3,1,12000,4.1,4.2,4.5,-0.2,-0.1,0.2
Cameroon,CMR,Central Africa,2013,4.1,0,0,4.2,4.5,4.8,0.1,0.4,0.7
Cameroon,CMR,Central Africa,2014,4.2,0,0,4.5,4.8,5.4,0.3,0.6,1.2
Cameroon,CMR,Central Africa,2015,4.5,0,0,4.8,5.4,6.0,0.3,0.9,1.5
Cameroon,CMR,Central Africa,2016,4.8,0,0,5.4,6.0,6.2,0.6,1.2,1.4
Cameroon,CMR,Central Africa,2017,5.4,0,0,6.0,6.2,6.1,0.6,0.8,0.7
Cameroon,CMR,Central Africa,2018,6.0,0,0,6.2,6.1,5.9,0.2,0.1,-0.1
Cameroon,CMR,Central Africa,2019,6.2,0,0,6.1,5.9,5.5,-0.1,-0.3,-0.7
Cameroon,CMR,Central Africa,2020,6.1,0,0,5.9,5.5,5.1,-0.2,-0.6,-1.0
Cameroon,CMR,Central Africa,2021,5.9,0,0,5.5,5.1,4.8,-0.4,-0.8,-1.1
Cameroon,CMR,Central Africa,2022,5.5,1,2389127,5.1,4.8,,-0.4,-0.7,
Cameroon,CMR,Central Africa,2023,5.1,0,0,4.8,,,-0.3,,
Central African Republic,CAF,Central Africa,2002,35.9,0,0,36.9,37.1,36.7,1.0,1.2,0.8
Central African Republic,CAF,Central Africa,2003,36.9,0,0,37.1,36.7,34.8,0.2,-0.2,-2.1
Central African Republic,CAF,Central Africa,2004,37.1,0,0,36.7,34.8,33.0,-0.4,-2.3,-4.1
Central African Republic,CAF,Central Africa,2005,36.7,0,0,34.8,33.0,31.2,-1.9,-3.7,-5.5
Central African Republic,CAF,Central Africa,2006,34.8,0,0,33.0,31.2,29.4,-1.8,-3.6,-5.4
Central African Republic,CAF,Central Africa,2007,33.0,0,0,31.2,29.4,27.6,-1.8,-3.6,-5.4
Central African Republic,CAF,Central Africa,2008,31.2,0,0,29.4,27.6,26.7,-1.8,-3.6,-4.5
Central African Republic,CAF,Central Africa,2009,29.4,0,0,27.6,26.7,26.3,-1.8,-2.7,-3.1
Central African Republic,CAF,Central Africa,2010,27.6,0,0,26.7,26.3,28.7,-0.9,-1.3,1.1
Central African Republic,CAF,Central Africa,2011,26.7,0,0,26.3,28.7,30.1,-0.4,2.0,3.4
Central African Republic,CAF,Central Africa,2012,26.3,0,0,28.7,30.1,30.9,2.4,3.8,4.6
Central African Republic,CAF,Central Africa,2013,28.7,0,0,30.1,30.9,28.6,1.4,2.2,-0.1
Central African Republic,CAF,Central Africa,2014,30.1,0,0,30.9,28.6,26.7,0.8,-1.5,-3.4
Central African Republic,CAF,Central Africa,2015,30.9,0,0,28.6,26.7,25.3,-2.3,-4.2,-5.6
Central African Republic,CAF,Central Africa,2016,28.6,0,0,26.7,25.3,24.4,-1.9,-3.3,-4.2
Central African Republic,CAF,Central Africa,2017,26.7,0,0,25.3,24.4,25.2,-1.4,-2.3,-1.5
Central African Republic,CAF,Central Africa,2018,25.3,0,0,24.4,25.2,26.6,-0.9,-0.1,1.3
Central African Republic,CAF,Central Africa,2019,24.4,0,0,25.2,26.6,29.2,0.8,2.2,4.8
Central African Republic,CAF,Central Africa,2020,25.2,0,0,26.6,29.2,29.6,1.4,4.0,4.4
Central African Republic,CAF,Central Africa,2021,26.6,0,0,29.2,29.6,29.8,2.6,3.0,3.2
Central African Republic,CAF,Central Africa,2022,29.2,1,2221692,29.6,29.8,,0.4,0.6,
Central African Republic,CAF,Central Africa,2023,29.6,0,0,29.8,,,0.2,,
Chad,TCD,Central Africa,2002,34.4,0,0,33.4,33.9,32.4,-1.0,-0.5,-2.0
Chad,TCD,Central Africa,2003,33.4,0,0,33.9,32.4,30.9,0.5,-1.0,-2.5
Chad,TCD,Central Africa,2004,33.9,0,0,32.4,30.9,28.6,-1.5,-3.0,-5.3
Chad,TCD,Central Africa,2005,32.4,0,0,30.9,28.6,26.6,-1.5,-3.8,-5.8
Chad,TCD,Central Africa,2006,30.9,0,0,28.6,26.6,24.7,-2.3,-4.3,-6.2
Chad,TCD,Central Africa,2007,28.6,0,0,26.6,24.7,24.1,-2.0,-3.9,-4.5
Chad,TCD,Central Africa,2008,26.6,0,0,24.7,24.1,24.1,-1.9,-2.5,-2.5
Chad,TCD,Central Africa,2009,24.7,1,2400000,24.1,24.1,24.0,-0.6,-0.6,-0.7
Chad,TCD,Central Africa,2010,24.1,0,0,24.1,24.0,23.5,0.0,-0.1,-0.6
Chad,TCD,Central Africa,2011,24.1,0,0,24.0,23.5,23.8,-0.1,-0.6,-0.3
Chad,TCD,Central Africa,2012,24.0,1,1600000,23.5,23.8,25.2,-0.5,-0.2,1.2
Chad,TCD,Central Africa,2013,23.5,0,0,23.8,25.2,25.9,0.3,1.7,2.4
Chad,TCD,Central Africa,2014,23.8,0,0,25.2,25.9,26.1,1.4,2.1,2.3
Chad,TCD,Central Africa,2015,25.2,0,0,25.9,26.1,26.7,0.7,0.9,1.5
Chad,TCD,Central Africa,2016,25.9,0,0,26.1,26.7,28.1,0.2,0.8,2.2
Chad,TCD,Central Africa,2017,26.1,1,1886800,26.7,28.1,29.8,0.6,2.0,3.7
Chad,TCD,Central Africa,2018,26.7,0,0,28.1,29.8,30.1,1.4,3.1,3.4
Chad,TCD,Central Africa,2019,28.1,0,0,29.8,30.1,30.1,1.7,2.0,2.0
Chad,TCD,Central Africa,2020,29.8,0,0,30.1,30.1,30.5,0.3,0.3,0.7
Chad,TCD,Central Africa,2021,30.1,0,0,30.1,30.5,32.0,0.0,0.4,1.9
Chad,TCD,Central Africa,2022,30.1,1,2135362,30.5,32.0,,0.4,1.9,
Chad,TCD,Central Africa,2023,30.5,0,0,32.0,,,1.5,,
Comoros,COM,East Africa,2002,24.7,0,0,20.7,18.0,16.6,-4.0,-6.7,-8.1
Comoros,COM,East Africa,2003,20.7,0,0,18.0,16.6,16.3,-2.7,-4.1,-4.4
Comoros,COM,East Africa,2004,18.0,0,0,16.6,16.3,16.1,-1.4,-1.7,-1.9
Comoros,COM,East Africa,2005,16.6,0,0,16.3,16.1,15.8,-0.3,-0.5,-0.8
Comoros,COM,East Africa,2006,16.3,0,0,16.1,15.8,15.4,-0.2,-0.5,-0.9
Comoros,COM,East Africa,2007,16.1,0,0,15.8,15.4,15.3,-0.3,-0.7,-0.8
Comoros,COM,East Africa,2008,15.8,0,0,15.4,15.3,15.6,-0.4,-0.5,-0.2
Comoros,COM,East Africa,2009,15.4,0,0,15.3,15.6,15.9,-0.1,0.2,0.5
Comoros,COM,East Africa,2010,15.3,0,0,15.6,15.9,15.6,0.3,0.6,0.3
Comoros,COM,East Africa,2011,15.6,0,0,15.9,15.6,15.0,0.3,0.0,-0.6
Comoros,COM,East Africa,2012,15.9,0,0,15.6,15.0,14.5,-0.3,-0.9,-1.4
Comoros,COM,East Africa,2013,15.6,0,0,15.0,14.5,14.0,-0.6,-1.1,-1.6
Comoros,COM,East Africa,2014,15.0,0,0,14.5,14.0,13.5,-0.5,-1.0,-1.5
Comoros,COM,East Africa,2015,14.5,0,0,14.0,13.5,13.1,-0.5,-1.0,-1.4
Comoros,COM,East Africa,2016,14.0,0,0,13.5,13.1,13.2,-0.5,-0.9,-0.8
Comoros,COM,East Africa,2017,13.5,0,0,13.1,13.2,13.5,-0.4,-0.3,0.0
Comoros,COM,East Africa,2018,13.1,0,0,13.2,13.5,14.3,0.1,0.4,1.2
Comoros,COM,East Africa,2019,13.2,0,0,13.5,14.3,15.6,0.3,1.1,2.4
Comoros,COM,East Africa,2020,13.5,0,0,14.3,15.6,16.2,0.8,2.1,2.7
Comoros,COM,East Africa,2021,14.3,0,0,15.6,16.2,15.4,1.3,1.9,1.1
Comoros,COM,East Africa,2022,15.6,0,0,16.2,15.4,,0.6,-0.2,
Comoros,COM,East Africa,2023,16.2,0,0,15.4,,,-0.8,,
Congo,COG,Central Africa,2002,26.3,0,0,25.9,26.0,27.2,-0.4,-0.3,0.9
Congo,COG,Central Africa,2003,25.9,0,0,26.0,27.2,28.4,0.1,1.3,2.5
Congo,COG,Central Africa,2004,26.0,0,0,27.2,28.4,30.5,1.2,2.4,4.5
Congo,COG,Central Africa,2005,27.2,0,0,28.4,30.5,32.6,1.2,3.3,5.4
Congo,COG,Central Africa,2006,28.4,0,0,30.5,32.6,34.9,2.1,4.2,6.5
Congo,COG,Central Africa,2007,30.5,0,0,32.6,34.9,37.7,2.1,4.4,7.2
Congo,COG,Central Africa,2008,32.6,0,0,34.9,37.7,40.4,2.3,5.1,7.8
Congo,COG,Central Africa,2009,34.9,0,0,37.7,40.4,40.5,2.8,5.5,5.6
Congo,COG,Central Africa,2010,37.7,0,0,40.4,40.5,37.4,2.7,2.8,-0.3
Congo,COG,Central Africa,2011,40.4,0,0,40.5,37.4,32.7,0.1,-3.0,-7.7
Congo,COG,Central Africa,2012,40.5,0,0,37.4,32.7,29.6,-3.1,-7.8,-10.9
Congo,COG,Central Africa,2013,37.4,0,0,32.7,29.6,29.4,-4.7,-7.8,-8.0
Congo,COG,Central Africa,2014,32.7,0,0,29.6,29.4,29.6,-3.1,-3.3,-3.1
Congo,COG,Central Africa,2015,29.6,0,0,29.4,29.6,30.2,-0.2,0.0,0.6
Congo,COG,Central Africa,2016,29.4,0,0,29.6,30.2,29.7,0.2,0.8,0.3
Congo,COG,Central Africa,2017,29.6,0,0,30.2,29.7,29.0,0.6,0.1,-0.6
Congo,COG,Central Africa,2018,30.2,0,0,29.7,29.0,27.7,-0.5,-1.2,-2.5
Congo,COG,Central Africa,2019,29.7,0,0,29.0,27.7,27.2,-0.7,-2.0,-2.5
Congo,COG,Central Africa,2020,29.0,0,0,27.7,27.2,26.8,-1.3,-1.8,-2.2
Congo,COG,Central Africa,2021,27.7,0,0,27.2,26.8,26.4,-0.5,-0.9,-1.3
Congo,COG,Central Africa,2022,27.2,0,0,26.8,26.4,,-0.4,-0.8,
Congo,COG,Central Africa,2023,26.8,0,0,26.4,,,-0.4,,
CÃ´te d'Ivoire,CIV,West Africa,2002,18.9,0,0,18.9,18.3,17.9,0.0,-0.6,-1.0
CÃ´te d'Ivoire,CIV,West Africa,2003,18.9,0,0,18.3,17.9,17.6,-0.6,-1.0,-1.3
CÃ´te d'Ivoire,CIV,West Africa,2004,18.3,0,0,17.9,17.6,17.5,-0.4,-0.7,-0.8
CÃ´te d'Ivoire,CIV,West Africa,2005,17.9,0,0,17.6,17.5,17.5,-0.3,-0.4,-0.4
CÃ´te d'Ivoire,CIV,West Africa,2006,17.6,0,0,17.5,17.5,17.5,-0.1,-0.1,-0.1
CÃ´te d'Ivoire,CIV,West Africa,2007,17.5,0,0,17.5,17.5,17.6,0.0,0.0,0.1
CÃ´te d'Ivoire,CIV,West Africa,2008,17.5,0,0,17.5,17.6,16.9,0.0,0.1,-0.6
CÃ´te d'Ivoire,CIV,West Africa,2009,17.5,0,0,17.6,16.9,16.0,0.1,-0.6,-1.5
CÃ´te d'Ivoire,CIV,West Africa,2010,17.6,0,0,16.9,16.0,15.1,-0.7,-1.6,-2.5
CÃ´te d'Ivoire,CIV,West Africa,2011,16.9,0,0,16.0,15.1,15.5,-0.9,-1.8,-1.4
CÃ´te d'Ivoire,CIV,West Africa,2012,16.0,0,0,15.1,15.5,14.6,-0.9,-0.5,-1.4
CÃ´te d'Ivoire,CIV,West Africa,2013,15.1,0,0,15.5,14.6,13.5,0.4,-0.5,-1.6
CÃ´te d'Ivoire,CIV,West Africa,2014,15.5,0,0,14.6,13.5,11.5,-0.9,-2.0,-4.0
CÃ´te d'Ivoire,CIV,West Africa,2015,14.6,0,0,13.5,11.5,10.6,-1.1,-3.1,-4.0
CÃ´te d'Ivoire,CIV,West Africa,2016,13.5,0,0,11.5,10.6,9.8,-2.0,-2.9,-3.7
CÃ´te d'Ivoire,CIV,West Africa,2017,11.5,0,0,10.6,9.8,9.4,-0.9,-1.7,-2.1
CÃ´te d'Ivoire,CIV,West Africa,2018,10.6,0,0,9.8,9.4,9.2,-0.8,-1.2,-1.4
CÃ´te d'Ivoire,CIV,West Africa,2019,9.8,0,0,9.4,9.2,9.7,-0.4,-0.6,-0.1
CÃ´te d'Ivoire,CIV,West Africa,2020,9.4,0,0,9.2,9.7,10.4,-0.2,0.3,1.0
CÃ´te d'Ivoire,CIV,West Africa,2021,9.2,0,0,9.7,10.4,11.1,0.5,1.2,1.9
CÃ´te d'Ivoire,CIV,West Africa,2022,9.7,0,0,10.4,11.1,,0.7,1.4,
CÃ´te d'Ivoire,CIV,West Africa,2023,10.4,0,0,11.1,,,0.7,,
Democratic Republic of the Congo,COD,Central Africa,2002,26.8,0,0,27.2,27.2,27.3,0.4,0.4,0.5
Democratic Republic of the Congo,COD,Central Africa,2003,27.2,0,0,27.2,27.3,27.3,0.0,0.1,0.1
Democratic Republic of the Congo,COD,Central Africa,2004,27.2,0,0,27.3,27.3,27.4,0.1,0.1,0.2
Democratic Republic of the Congo,COD,Central Africa,2005,27.3,0,0,27.3,27.4,27.6,0.0,0.1,0.3
Democratic Republic of the Congo,COD,Central Africa,2006,27.3,0,0,27.4,27.6,27.7,0.1,0.3,0.4
Democratic Republic of the Congo,COD,Central Africa,2007,27.4,0,0,27.6,27.7,28.4,0.2,0.3,1.0
Democratic Republic of the Congo,COD,Central Africa,2008,27.6,0,0,27.7,28.4,28.7,0.1,0.8,1.1
Democratic Republic of the Congo,COD,Central Africa,2009,27.7,0,0,28.4,28.7,29.6,0.7,1.0,1.9
Democratic Republic of the Congo,COD,Central Africa,2010,28.4,0,0,28.7,29.6,30.5,0.3,1.2,2.1
Democratic Republic of the Congo,COD,Central Africa,2011,28.7,0,0,29.6,30.5,30.8,0.9,1.8,2.1
Democratic Republic of the Congo,COD,Central Africa,2012,29.6,0,0,30.5,30.8,31.1,0.9,1.2,1.5
Democratic Republic of the Congo,COD,Central Africa,2013,30.5,0,0,30.8,31.1,31.7,0.3,0.6,1.2
Democratic Republic of the Congo,COD,Central Africa,2014,30.8,0,0,31.1,31.7,32.3,0.3,0.9,1.5
Democratic Republic of the Congo,COD,Central Africa,2015,31.1,0,0,31.7,32.3,32.7,0.6,1.2,1.6
Democratic Republic of the Congo,COD,Central Africa,2016,31.7,0,0,32.3,32.7,32.5,0.6,1.0,0.8
Democratic Republic of the Congo,COD,Central Africa,2017,32.3,0,0,32.7,32.5,34.1,0.4,0.2,1.8
Democratic Republic of the Congo,COD,Central Africa,2018,32.7,0,0,32.5,34.1,35.2,-0.2,1.4,2.5
Democratic Republic of the Congo,COD,Central Africa,2019,32.5,0,0,34.1,35.2,36.6,1.6,2.7,4.1
Democratic Republic of the Congo,COD,Central Africa,2020,34.1,0,0,35.2,36.6,37.3,1.1,2.5,3.2
Democratic Republic of the Congo,COD,Central Africa,2021,35.2,0,0,36.6,37.3,38.5,1.4,2.1,3.3
Democratic Republic of the Congo,COD,Central Africa,2022,36.6,1,25972806,37.3,38.5,,0.7,1.9,
Democratic Republic of the Congo,COD,Central Africa,2023,37.3,0,0,38.5,,,1.2,,
Djibouti,DJI,East Africa,2002,40.8,0,0,39.4,36.5,32.7,-1.4,-4.3,-8.1
Djibouti,DJI,East Africa,2003,39.4,0,0,36.5,32.7,28.9,-2.9,-6.7,-10.5
Djibouti,DJI,East Africa,2004,36.5,0,0,32.7,28.9,24.6,-3.8,-7.6,-11.9
Djibouti,DJI,East Africa,2005,32.7,1,150000,28.9,24.6,22.1,-3.8,-8.1,-10.6
Djibouti,DJI,East Africa,2006,28.9,0,0,24.6,22.1,20.2,-4.3,-6.8,-8.7
Djibouti,DJI,East Africa,2007,24.6,1,42750,22.1,20.2,20.0,-2.5,-4.4,-4.6
Djibouti,DJI,East Africa,2008,22.1,1,340000,20.2,20.0,19.5,-1.9,-2.1,-2.6
Djibouti,DJI,East Africa,2009,20.2,0,0,20.0,19.5,18.8,-0.2,-0.7,-1.4
Djibouti,DJI,East Africa,2010,20.0,1,200258,19.5,18.8,17.4,-0.5,-1.2,-2.6
Djibouti,DJI,East Africa,2011,19.5,0,0,18.8,17.4,15.7,-0.7,-2.1,-3.8
Djibouti,DJI,East Africa,2012,18.8,0,0,17.4,15.7,14.1,-1.4,-3.1,-4.7
Djibouti,DJI,East Africa,2013,17.4,0,0,15.7,14.1,13.1,-1.7,-3.3,-4.3
Djibouti,DJI,East Africa,2014,15.7,0,0,14.1,13.1,12.7,-1.6,-2.6,-3.0
Djibouti,DJI,East Africa,2015,14.1,0,0,13.1,12.7,12.6,-1.0,-1.4,-1.5
Djibouti,DJI,East Africa,2016,13.1,0,0,12.7,12.6,12.2,-0.4,-0.5,-0.9
Djibouti,DJI,East Africa,2017,12.7,0,0,12.6,12.2,11.9,-0.1,-0.5,-0.8
Djibouti,DJI,East Africa,2018,12.6,0,0,12.2,11.9,12.0,-0.4,-0.7,-0.6
Djibouti,DJI,East Africa,2019,12.2,0,0,11.9,12.0,12.2,-0.3,-0.2,0.0
Djibouti,DJI,East Africa,2020,11.9,0,0,12.0,12.2,12.5,0.1,0.3,0.6
Djibouti,DJI,East Africa,2021,12.0,0,0,12.2,12.5,12.9,0.2,0.5,0.9
Djibouti,DJI,East Africa,2022,12.2,1,192168,12.5,12.9,,0.3,0.7,
Djibouti,DJI,East Africa,2023,12.5,0,0,12.9,,,0.4,,
Egypt,EGY,North Africa,2002,4.8,0,0,5.0,5.5,5.8,0.2,0.7,1.0
Egypt,EGY,North Africa,2003,5.0,0,0,5.5,5.8,5.8,0.5,0.8,0.8
Egypt,EGY,North Africa,2004,5.5,0,0,5.8,5.8,5.4,0.3,0.3,-0.1
Egypt,EGY,North Africa,2005,5.8,0,0,5.8,5.4,5.1,0.0,-0.4,-0.7
Egypt,EGY,North Africa,2006,5.8,0,0,5.4,5.1,5.0,-0.4,-0.7,-0.8
Egypt,EGY,North Africa,2007,5.4,0,0,5.1,5.0,4.9,-0.3,-0.4,-0.5
Egypt,EGY,North Africa,2008,5.1,0,0,5.0,4.9,5.1,-0.1,-0.2,0.0
Egypt,EGY,North Africa,2009,5.0,0,0,4.9,5.1,5.2,-0.1,0.1,0.2
Egypt,EGY,North Africa,2010,4.9,0,0,5.1,5.2,5.7,0.2,0.3,0.8
Egypt,EGY,North Africa,2011,5.1,0,0,5.2,5.7,6.1,0.1,0.6,1.0
Egypt,EGY,North Africa,2012,5.2,0,0,5.7,6.1,6.4,0.5,0.9,1.2
Egypt,EGY,North Africa,2013,5.7,0,0,6.1,6.4,6.5,0.4,0.7,0.8
Egypt,EGY,North Africa,2014,6.1,0,0,6.4,6.5,6.6,0.3,0.4,0.5
Egypt,EGY,North Africa,2015,6.4,0,0,6.5,6.6,6.6,0.1,0.2,0.2
Egypt,EGY,North Africa,2016,6.5,0,0,6.6,6.6,6.4,0.1,0.1,-0.1
Egypt,EGY,North Africa,2017,6.6,0,0,6.6,6.4,6.6,0.0,-0.2,0.0
Egypt,EGY,North Africa,2018,6.6,0,0,6.4,6.6,7.1,-0.2,0.0,0.5
Egypt,EGY,North Africa,2019,6.4,0,0,6.6,7.1,7.9,0.2,0.7,1.5
Egypt,EGY,North Africa,2020,6.6,0,0,7.1,7.9,8.8,0.5,1.3,2.2
Egypt,EGY,North Africa,2021,7.1,0,0,7.9,8.8,9.4,0.8,1.7,2.3
Egypt,EGY,North Africa,2022,7.9,0,0,8.8,9.4,,0.9,1.5,
Egypt,EGY,North Africa,2023,8.8,0,0,9.4,,,0.6,,
Eswatini,SWZ,Southern Africa,2002,9.8,0,0,9.2,8.8,9.7,-0.6,-1.0,-0.1
Eswatini,SWZ,Southern Africa,2003,9.2,0,0,8.8,9.7,11.7,-0.4,0.5,2.5
Eswatini,SWZ,Southern Africa,2004,8.8,0,0,9.7,11.7,13.9,0.9,2.9,5.1
Eswatini,SWZ,Southern Africa,2005,9.7,0,0,11.7,13.9,16.4,2.0,4.2,6.7
Eswatini,SWZ,Southern Africa,2006,11.7,0,0,13.9,16.4,19.6,2.2,4.7,7.9
Eswatini,SWZ,Southern Africa,2007,13.9,1,410000,16.4,19.6,23.3,2.5,5.7,9.4
Eswatini,SWZ,Southern Africa,2008,16.4,0,0,19.6,23.3,24.9,3.2,6.9,8.5
Eswatini,SWZ,Southern Africa,2009,19.6,0,0,23.3,24.9,24.0,3.7,5.3,4.4
Eswatini,SWZ,Southern Africa,2010,23.3,0,0,24.9,24.0,20.4,1.6,0.7,-2.9
Eswatini,SWZ,Southern Africa,2011,24.9,0,0,24.0,20.4,17.5,-0.9,-4.5,-7.4
Eswatini,SWZ,Southern Africa,2012,24.0,0,0,20.4,17.5,16.2,-3.6,-6.5,-7.8
Eswatini,SWZ,Southern Africa,2013,20.4,0,0,17.5,16.2,16.2,-2.9,-4.2,-4.2
Eswatini,SWZ,Southern Africa,2014,17.5,0,0,16.2,16.2,16.3,-1.3,-1.3,-1.2
Eswatini,SWZ,Southern Africa,2015,16.2,0,0,16.2,16.3,15.0,0.0,0.1,-1.2
Eswatini,SWZ,Southern Africa,2016,16.2,1,492000,16.3,15.0,13.4,0.1,-1.2,-2.8
Eswatini,SWZ,Southern Africa,2017,16.3,0,0,15.0,13.4,11.7,-1.3,-2.9,-4.6
Eswatini,SWZ,Southern Africa,2018,15.0,0,0,13.4,11.7,11.4,-1.6,-3.3,-3.6
Eswatini,SWZ,Southern Africa,2019,13.4,1,232000,11.7,11.4,11.6,-1.7,-2.0,-1.8
Eswatini,SWZ,Southern Africa,2020,11.7,0,0,11.4,11.6,13.1,-0.3,-0.1,1.4
Eswatini,SWZ,Southern Africa,2021,11.4,0,0,11.6,13.1,14.7,0.2,1.7,3.3
Eswatini,SWZ,Southern Africa,2022,11.6,0,0,13.1,14.7,,1.5,3.1,
Eswatini,SWZ,Southern Africa,2023,13.1,0,0,14.7,,,1.6,,
Ethiopia,ETH,East Africa,2002,46.1,0,0,43.2,41.6,39.1,-2.9,-4.5,-7.0
Ethiopia,ETH,East Africa,2003,43.2,1,12600000,41.6,39.1,36.4,-1.6,-4.1,-6.8
Ethiopia,ETH,East Africa,2004,41.6,0,0,39.1,36.4,32.7,-2.5,-5.2,-8.9
Ethiopia,ETH,East Africa,2005,39.1,1,2600000,36.4,32.7,29.4,-2.7,-6.4,-9.7
Ethiopia,ETH,East Africa,2006,36.4,0,0,32.7,29.4,26.3,-3.7,-7.0,-10.1
Ethiopia,ETH,East Africa,2007,32.7,0,0,29.4,26.3,23.9,-3.3,-6.4,-8.8
Ethiopia,ETH,East Africa,2008,29.4,1,6400000,26.3,23.9,22.4,-3.1,-5.5,-7.0
Ethiopia,ETH,East Africa,2009,26.3,1,6200000,23.9,22.4,21.2,-2.4,-3.9,-5.1
Ethiopia,ETH,East Africa,2010,23.9,0,0,22.4,21.2,19.8,-1.5,-2.7,-4.1
Ethiopia,ETH,East Africa,2011,22.4,1,4805679,21.2,19.8,17.7,-1.2,-2.6,-4.7
Ethiopia,ETH,East Africa,2012,21.2,1,1000000,19.8,17.7,15.2,-1.4,-3.5,-6.0
Ethiopia,ETH,East Africa,2013,19.8,0,0,17.7,15.2,13.6,-2.1,-4.6,-6.2
Ethiopia,ETH,East Africa,2014,17.7,0,0,15.2,13.6,13.0,-2.5,-4.1,-4.7
Ethiopia,ETH,East Africa,2015,15.2,1,10200000,13.6,13.0,14.1,-1.6,-2.2,-1.1
Ethiopia,ETH,East Africa,2016,13.6,0,0,13.0,14.1,16.1,-0.6,0.5,2.5
Ethiopia,ETH,East Africa,2017,13.0,0,0,14.1,16.1,18.5,1.1,3.1,5.5
Ethiopia,ETH,East Africa,2018,14.1,0,0,16.1,18.5,20.3,2.0,4.4,6.2
Ethiopia,ETH,East Africa,2019,16.1,0,0,18.5,20.3,20.6,2.4,4.2,4.5
Ethiopia,ETH,East Africa,2020,18.5,0,0,20.3,20.6,20.2,1.8,2.1,1.7
Ethiopia,ETH,East Africa,2021,20.3,1,6800000,20.6,20.2,19.7,0.3,-0.1,-0.6
Ethiopia,ETH,East Africa,2022,20.6,1,24100000,20.2,19.7,,-0.4,-0.9,
Ethiopia,ETH,East Africa,2023,20.2,0,0,19.7,,,-0.5,,
Gabon,GAB,Central Africa,2002,10.6,0,0,12.0,13.1,13.8,1.4,2.5,3.2
Gabon,GAB,Central Africa,2003,12.0,0,0,13.1,13.8,14.3,1.1,1.8,2.3
Gabon,GAB,Central Africa,2004,13.1,0,0,13.8,14.3,14.5,0.7,1.2,1.4
Gabon,GAB,Central Africa,2005,13.8,0,0,14.3,14.5,14.4,0.5,0.7,0.6
Gabon,GAB,Central Africa,2006,14.3,0,0,14.5,14.4,14.3,0.2,0.1,0.0
Gabon,GAB,Central Africa,2007,14.5,0,0,14.4,14.3,14.4,-0.1,-0.2,-0.1
Gabon,GAB,Central Africa,2008,14.4,0,0,14.3,14.4,14.0,-0.1,0.0,-0.4
Gabon,GAB,Central Africa,2009,14.3,0,0,14.4,14.0,13.5,0.1,-0.3,-0.8
Gabon,GAB,Central Africa,2010,14.4,0,0,14.0,13.5,13.0,-0.4,-0.9,-1.4
Gabon,GAB,Central Africa,2011,14.0,0,0,13.5,13.0,13.1,-0.5,-1.0,-0.9
Gabon,GAB,Central Africa,2012,13.5,0,0,13.0,13.1,13.3,-0.5,-0.4,-0.2
Gabon,GAB,Central Africa,2013,13.0,0,0,13.1,13.3,14.1,0.1,0.3,1.1
Gabon,GAB,Central Africa,2014,13.1,0,0,13.3,14.1,15.3,0.2,1.0,2.2
Gabon,GAB,Central Africa,2015,13.3,0,0,14.1,15.3,16.4,0.8,2.0,3.1
Gabon,GAB,Central Africa,2016,14.1,0,0,15.3,16.4,17.5,1.2,2.3,3.4
Gabon,GAB,Central Africa,2017,15.3,0,0,16.4,17.5,18.6,1.1,2.2,3.3
Gabon,GAB,Central Africa,2018,16.4,0,0,17.5,18.6,19.7,1.1,2.2,3.3
Gabon,GAB,Central Africa,2019,17.5,0,0,18.6,19.7,21.3,1.1,2.2,3.8
Gabon,GAB,Central Africa,2020,18.6,0,0,19.7,21.3,23.5,1.1,2.7,4.9
Gabon,GAB,Central Africa,2021,19.7,0,0,21.3,23.5,25.3,1.6,3.8,5.6
Gabon,GAB,Central Africa,2022,21.3,0,0,23.5,25.3,,2.2,4.0,
Gabon,GAB,Central Africa,2023,23.5,0,0,25.3,,,1.8,,
Gambia,GMB,West Africa,2002,16.9,1,0,18.9,19.9,19.1,2.0,3.0,2.2
Gambia,GMB,West Africa,2003,18.9,0,0,19.9,19.1,17.6,1.0,0.2,-1.3
Gambia,GMB,West Africa,2004,19.9,0,0,19.1,17.6,15.5,-0.8,-2.3,-4.4
Gambia,GMB,West Africa,2005,19.1,0,0,17.6,15.5,13.7,-1.5,-3.6,-5.4
Gambia,GMB,West Africa,2006,17.6,0,0,15.5,13.7,12.0,-2.1,-3.9,-5.6
Gambia,GMB,West Africa,2007,15.5,0,0,13.7,12.0,10.5,-1.8,-3.5,-5.0
Gambia,GMB,West Africa,2008,13.7,0,0,12.0,10.5,9.7,-1.7,-3.2,-4.0
Gambia,GMB,West Africa,2009,12.0,0,0,10.5,9.7,9.5,-1.5,-2.3,-2.5
Gambia,GMB,West Africa,2010,10.5,0,0,9.7,9.5,10.2,-0.8,-1.0,-0.3
Gambia,GMB,West Africa,2011,9.7,0,0,9.5,10.2,11.1,-0.2,0.5,1.4
Gambia,GMB,West Africa,2012,9.5,1,428000,10.2,11.1,11.9,0.7,1.6,2.4
Gambia,GMB,West Africa,2013,10.2,0,0,11.1,11.9,12.6,0.9,1.7,2.4
Gambia,GMB,West Africa,2014,11.1,0,0,11.9,12.6,12.8,0.8,1.5,1.7
Gambia,GMB,West Africa,2015,11.9,1,63100,12.6,12.8,14.2,0.7,0.9,2.3
Gambia,GMB,West Africa,2016,12.6,0,0,12.8,14.2,15.0,0.2,1.6,2.4
Gambia,GMB,West Africa,2017,12.8,0,0,14.2,15.0,16.8,1.4,2.2,4.0
Gambia,GMB,West Africa,2018,14.2,0,0,15.0,16.8,18.0,0.8,2.6,3.8
Gambia,GMB,West Africa,2019,15.0,0,0,16.8,18.0,18.9,1.8,3.0,3.9
Gambia,GMB,West Africa,2020,16.8,0,0,18.0,18.9,18.3,1.2,2.1,1.5
Gambia,GMB,West Africa,2021,18.0,0,0,18.9,18.3,16.8,0.9,0.3,-1.2
Gambia,GMB,West Africa,2022,18.9,0,0,18.3,16.8,,-0.6,-2.1,
Gambia,GMB,West Africa,2023,18.3,0,0,16.8,,,-1.5,,
Ghana,GHA,West Africa,2002,14.8,0,0,13.4,12.6,12.0,-1.4,-2.2,-2.8
Ghana,GHA,West Africa,2003,13.4,0,0,12.6,12.0,11.1,-0.8,-1.4,-2.3
Ghana,GHA,West Africa,2004,12.6,0,0,12.0,11.1,10.4,-0.6,-1.5,-2.2
Ghana,GHA,West Africa,2005,12.0,0,0,11.1,10.4,9.2,-0.9,-1.6,-2.8
Ghana,GHA,West Africa,2006,11.1,0,0,10.4,9.2,8.1,-0.7,-1.9,-3.0
Ghana,GHA,West Africa,2007,10.4,0,0,9.2,8.1,6.9,-1.2,-2.3,-3.5
Ghana,GHA,West Africa,2008,9.2,0,0,8.1,6.9,6.9,-1.1,-2.3,-2.3
Ghana,GHA,West Africa,2009,8.1,0,0,6.9,6.9,7.3,-1.2,-1.2,-0.8
Ghana,GHA,West Africa,2010,6.9,0,0,6.9,7.3,7.7,0.0,0.4,0.8
Ghana,GHA,West Africa,2011,6.9,0,0,7.3,7.7,8.0,0.4,0.8,1.1
Ghana,GHA,West Africa,2012,7.3,0,0,7.7,8.0,8.7,0.4,0.7,1.4
Ghana,GHA,West Africa,2013,7.7,0,0,8.0,8.7,9.4,0.3,1.0,1.7
Ghana,GHA,West Africa,2014,8.0,0,0,8.7,9.4,9.5,0.7,1.4,1.5
Ghana,GHA,West Africa,2015,8.7,0,0,9.4,9.5,8.8,0.7,0.8,0.1
Ghana,GHA,West Africa,2016,9.4,0,0,9.5,8.8,7.5,0.1,-0.6,-1.9
Ghana,GHA,West Africa,2017,9.5,0,0,8.8,7.5,6.6,-0.7,-2.0,-2.9
Ghana,GHA,West Africa,2018,8.8,0,0,7.5,6.6,5.7,-1.3,-2.2,-3.1
Ghana,GHA,West Africa,2019,7.5,0,0,6.6,5.7,5.6,-0.9,-1.8,-1.9
Ghana,GHA,West Africa,2020,6.6,0,0,5.7,5.6,5.9,-0.9,-1.0,-0.7
Ghana,GHA,West Africa,2021,5.7,0,0,5.6,5.9,6.3,-0.1,0.2,0.6
Ghana,GHA,West Africa,2022,5.6,0,0,5.9,6.3,,0.3,0.7,
Ghana,GHA,West Africa,2023,5.9,0,0,6.3,,,0.4,,
Guinea,GIN,West Africa,2002,18.0,0,0,17.8,16.9,16.4,-0.2,-1.1,-1.6
Guinea,GIN,West Africa,2003,17.8,0,0,16.9,16.4,16.4,-0.9,-1.4,-1.4
Guinea,GIN,West Africa,2004,16.9,0,0,16.4,16.4,16.8,-0.5,-0.5,-0.1
Guinea,GIN,West Africa,2005,16.4,0,0,16.4,16.8,17.2,0.0,0.4,0.8
Guinea,GIN,West Africa,2006,16.4,0,0,16.8,17.2,17.7,0.4,0.8,1.3
Guinea,GIN,West Africa,2007,16.8,0,0,17.2,17.7,18.4,0.4,0.9,1.6
Guinea,GIN,West Africa,2008,17.2,0,0,17.7,18.4,18.1,0.5,1.2,0.9
Guinea,GIN,West Africa,2009,17.7,0,0,18.4,18.1,17.2,0.7,0.4,-0.5
Guinea,GIN,West Africa,2010,18.4,0,0,18.1,17.2,15.5,-0.3,-1.2,-2.9
Guinea,GIN,West Africa,2011,18.1,0,0,17.2,15.5,14.2,-0.9,-2.6,-3.9
Guinea,GIN,West Africa,2012,17.2,0,0,15.5,14.2,13.6,-1.7,-3.0,-3.6
Guinea,GIN,West Africa,2013,15.5,0,0,14.2,13.6,13.6,-1.3,-1.9,-1.9
Guinea,GIN,West Africa,2014,14.2,0,0,13.6,13.6,14.0,-0.6,-0.6,-0.2
Guinea,GIN,West Africa,2015,13.6,0,0,13.6,14.0,14.0,0.0,0.4,0.4
Guinea,GIN,West Africa,2016,13.6,0,0,14.0,14.0,13.4,0.4,0.4,-0.2
Guinea,GIN,West Africa,2017,14.0,0,0,14.0,13.4,12.5,0.0,-0.6,-1.5
Guinea,GIN,West Africa,2018,14.0,0,0,13.4,12.5,11.1,-0.6,-1.5,-2.9
Guinea,GIN,West Africa,2019,13.4,0,0,12.5,11.1,10.4,-0.9,-2.3,-3.0
Guinea,GIN,West Africa,2020,12.5,0,0,11.1,10.4,10.4,-1.4,-2.1,-2.1
Guinea,GIN,West Africa,2021,11.1,0,0,10.4,10.4,11.4,-0.7,-0.7,0.3
Guinea,GIN,West Africa,2022,10.4,0,0,10.4,11.4,,0.0,1.0,
Guinea,GIN,West Africa,2023,10.4,0,0,11.4,,,1.0,,
Guinea-Bissau,GNB,West Africa,2002,15.6,1,100000,16.0,16.9,18.0,0.4,1.3,2.4
Guinea-Bissau,GNB,West Africa,2003,16.0,0,0,16.9,18.0,18.6,0.9,2.0,2.6
Guinea-Bissau,GNB,West Africa,2004,16.9,0,0,18.0,18.6,19.3,1.1,1.7,2.4
Guinea-Bissau,GNB,West Africa,2005,18.0,0,0,18.6,19.3,20.0,0.6,1.3,2.0
Guinea-Bissau,GNB,West Africa,2006,18.6,1,32000,19.3,20.0,20.7,0.7,1.4,2.1
Guinea-Bissau,GNB,West Africa,2007,19.3,0,0,20.0,20.7,21.5,0.7,1.4,2.2
Guinea-Bissau,GNB,West Africa,2008,20.0,0,0,20.7,21.5,22.6,0.7,1.5,2.6
Guinea-Bissau,GNB,West Africa,2009,20.7,0,0,21.5,22.6,23.7,0.8,1.9,3.0
Guinea-Bissau,GNB,West Africa,2010,21.5,0,0,22.6,23.7,25.1,1.1,2.2,3.6
Guinea-Bissau,GNB,West Africa,2011,22.6,0,0,23.7,25.1,29.1,1.1,2.5,6.5
Guinea-Bissau,GNB,West Africa,2012,23.7,0,0,25.1,29.1,30.1,1.4,5.4,6.4
Guinea-Bissau,GNB,West Africa,2013,25.1,0,0,29.1,30.1,28.0,4.0,5.0,2.9
Guinea-Bissau,GNB,West Africa,2014,29.1,0,0,30.1,28.0,19.8,1.0,-1.1,-9.3
Guinea-Bissau,GNB,West Africa,2015,30.1,0,0,28.0,19.8,13.6,-2.1,-10.3,-16.5
Guinea-Bissau,GNB,West Africa,2016,28.0,0,0,19.8,13.6,12.4,-8.2,-14.4,-15.6
Guinea-Bissau,GNB,West Africa,2017,19.8,0,0,13.6,12.4,13.1,-6.2,-7.4,-6.7
Guinea-Bissau,GNB,West Africa,2018,13.6,0,0,12.4,13.1,16.7,-1.2,-0.5,3.1
Guinea-Bissau,GNB,West Africa,2019,12.4,0,0,13.1,16.7,19.5,0.7,4.3,7.1
Guinea-Bissau,GNB,West Africa,2020,13.1,0,0,16.7,19.5,22.0,3.6,6.4,8.9
Guinea-Bissau,GNB,West Africa,2021,16.7,0,0,19.5,22.0,22.1,2.8,5.3,5.4
Guinea-Bissau,GNB,West Africa,2022,19.5,0,0,22.0,22.1,,2.5,2.6,
Guinea-Bissau,GNB,West Africa,2023,22.0,0,0,22.1,,,0.1,,
Kenya,KEN,East Africa,2002,31.8,0,0,33.3,34.5,31.6,1.5,2.7,-0.2
Kenya,KEN,East Africa,2003,33.3,0,0,34.5,31.6,28.0,1.2,-1.7,-5.3
Kenya,KEN,East Africa,2004,34.5,1,2300000,31.6,28.0,25.8,-2.9,-6.5,-8.7
Kenya,KEN,East Africa,2005,31.6,1,3500000,28.0,25.8,26.8,-3.6,-5.8,-4.8
Kenya,KEN,East Africa,2006,28.0,0,0,25.8,26.8,26.7,-2.2,-1.2,-1.3
Kenya,KEN,East Africa,2007,25.8,0,0,26.8,26.7,24.3,1.0,0.9,-1.5
Kenya,KEN,East Africa,2008,26.8,1,3800000,26.7,24.3,21.7,-0.1,-2.5,-5.1
Kenya,KEN,East Africa,2009,26.7,0,0,24.3,21.7,19.9,-2.4,-5.0,-6.8
Kenya,KEN,East Africa,2010,24.3,0,0,21.7,19.9,19.1,-2.6,-4.4,-5.2
Kenya,KEN,East Africa,2011,21.7,1,8050000,19.9,19.1,18.9,-1.8,-2.6,-2.8
Kenya,KEN,East Africa,2012,19.9,0,0,19.1,18.9,19.0,-0.8,-1.0,-0.9
Kenya,KEN,East Africa,2013,19.1,0,0,18.9,19.0,20.8,-0.2,-0.1,1.7
Kenya,KEN,East Africa,2014,18.9,1,1600000,19.0,20.8,22.2,0.1,1.9,3.3
Kenya,KEN,East Africa,2015,19.0,0,0,20.8,22.2,23.6,1.8,3.2,4.6
Kenya,KEN,East Africa,2016,20.8,1,3400000,22.2,23.6,22.9,1.4,2.8,2.1
Kenya,KEN,East Africa,2017,22.2,0,0,23.6,22.9,23.7,1.4,0.7,1.5
Kenya,KEN,East Africa,2018,23.6,0,0,22.9,23.7,26.3,-0.7,0.1,2.7
Kenya,KEN,East Africa,2019,22.9,1,2600000,23.7,26.3,31.6,0.8,3.4,8.7
Kenya,KEN,East Africa,2020,23.7,1,4500000,26.3,31.6,35.3,2.6,7.9,11.6
Kenya,KEN,East Africa,2021,26.3,0,0,31.6,35.3,36.8,5.3,9.0,10.5
Kenya,KEN,East Africa,2022,31.6,0,0,35.3,36.8,,3.7,5.2,
Kenya,KEN,East Africa,2023,35.3,0,0,36.8,,,1.5,,
Liberia,LBR,West Africa,2002,34.9,0,0,36.2,35.9,36.0,1.3,1.0,1.1
Liberia,LBR,West Africa,2003,36.2,0,0,35.9,36.0,35.7,-0.3,-0.2,-0.5
Liberia,LBR,West Africa,2004,35.9,0,0,36.0,35.7,35.4,0.1,-0.2,-0.5
Liberia,LBR,West Africa,2005,36.0,0,0,35.7,35.4,35.1,-0.3,-0.6,-0.9
Liberia,LBR,West Africa,2006,35.7,0,0,35.4,35.1,34.9,-0.3,-0.6,-0.8
Liberia,LBR,West Africa,2007,35.4,0,0,35.1,34.9,34.8,-0.3,-0.5,-0.6
Liberia,LBR,West Africa,2008,35.1,0,0,34.9,34.8,35.2,-0.2,-0.3,0.1
Liberia,LBR,West Africa,2009,34.9,0,0,34.8,35.2,35.6,-0.1,0.3,0.7
Liberia,LBR,West Africa,2010,34.8,0,0,35.2,35.6,36.5,0.4,0.8,1.7
Liberia,LBR,West Africa,2011,35.2,0,0,35.6,36.5,36.4,0.4,1.3,1.2
Liberia,LBR,West Africa,2012,35.6,0,0,36.5,36.4,36.6,0.9,0.8,1.0
Liberia,LBR,West Africa,2013,36.5,0,0,36.4,36.6,35.7,-0.1,0.1,-0.8
Liberia,LBR,West Africa,2014,36.4,0,0,36.6,35.7,35.1,0.2,-0.7,-1.3
Liberia,LBR,West Africa,2015,36.6,0,0,35.7,35.1,34.9,-0.9,-1.5,-1.7
Liberia,LBR,West Africa,2016,35.7,0,0,35.1,34.9,35.3,-0.6,-0.8,-0.4
Liberia,LBR,West Africa,2017,35.1,0,0,34.9,35.3,36.6,-0.2,0.2,1.5
Liberia,LBR,West Africa,2018,34.9,0,0,35.3,36.6,37.5,0.4,1.7,2.6
Liberia,LBR,West Africa,2019,35.3,0,0,36.6,37.5,37.7,1.3,2.2,2.4
Liberia,LBR,West Africa,2020,36.6,0,0,37.5,37.7,37.0,0.9,1.1,0.4
Liberia,LBR,West Africa,2021,37.5,0,0,37.7,37.0,35.5,0.2,-0.5,-2.0
Liberia,LBR,West Africa,2022,37.7,0,0,37.0,35.5,,-0.7,-2.2,
Liberia,LBR,West Africa,2023,37.0,0,0,35.5,,,-1.5,,
Libya,LBY,North Africa,2002,3.7,0,0,4.0,4.3,4.6,0.3,0.6,0.9
Libya,LBY,North Africa,2003,4.0,0,0,4.3,4.6,4.9,0.3,0.6,0.9
Libya,LBY,North Africa,2004,4.3,0,0,4.6,4.9,5.2,0.3,0.6,0.9
Libya,LBY,North Africa,2005,4.6,0,0,4.9,5.2,5.5,0.3,0.6,0.9
Libya,LBY,North Africa,2006,4.9,0,0,5.2,5.5,5.9,0.3,0.6,1.0
Libya,LBY,North Africa,2007,5.2,0,0,5.5,5.9,6.3,0.3,0.7,1.1
Libya,LBY,North Africa,2008,5.5,0,0,5.9,6.3,7.1,0.4,0.8,1.6
Libya,LBY,North Africa,2009,5.9,0,0,6.3,7.1,8.1,0.4,1.2,2.2
Libya,LBY,North Africa,2010,6.3,0,0,7.1,8.1,9.0,0.8,1.8,2.7
Libya,LBY,North Africa,2011,7.1,0,0,8.1,9.0,9.8,1.0,1.9,2.7
Libya,LBY,North Africa,2012,8.1,0,0,9.0,9.8,10.2,0.9,1.7,2.1
Libya,LBY,North Africa,2013,9.0,0,0,9.8,10.2,10.7,0.8,1.2,1.7
Libya,LBY,North Africa,2014,9.8,0,0,10.2,10.7,11.0,0.4,0.9,1.2
Libya,LBY,North Africa,2015,10.2,0,0,10.7,11.0,11.4,0.5,0.8,1.2
Libya,LBY,North Africa,2016,10.7,0,0,11.0,11.4,11.9,0.3,0.7,1.2
Libya,LBY,North Africa,2017,11.0,0,0,11.4,11.9,13.2,0.4,0.9,2.2
Libya,LBY,North Africa,2018,11.4,0,0,11.9,13.2,14.5,0.5,1.8,3.1
Libya,LBY,North Africa,2019,11.9,0,0,13.2,14.5,16.0,1.3,2.6,4.1
Libya,LBY,North Africa,2020,13.2,0,0,14.5,16.0,16.6,1.3,2.8,3.4
Libya,LBY,North Africa,2021,14.5,0,0,16.0,16.6,16.5,1.5,2.1,2.0
Libya,LBY,North Africa,2022,16.0,0,0,16.6,16.5,,0.6,0.5,
Libya,LBY,North Africa,2023,16.6,0,0,16.5,,,-0.1,,
Madagascar,MDG,East Africa,2002,33.4,1,600000,34.8,36.1,34.6,1.4,2.7,1.2
Madagascar,MDG,East Africa,2003,34.8,0,0,36.1,34.6,32.9,1.3,-0.2,-1.9
Madagascar,MDG,East Africa,2004,36.1,0,0,34.6,32.9,30.6,-1.5,-3.2,-5.5
Madagascar,MDG,East Africa,2005,34.6,1,14000,32.9,30.6,30.2,-1.7,-4.0,-4.4
Madagascar,MDG,East Africa,2006,32.9,0,0,30.6,30.2,30.0,-2.3,-2.7,-2.9
Madagascar,MDG,East Africa,2007,30.6,0,0,30.2,30.0,29.4,-0.4,-0.6,-1.2
Madagascar,MDG,East Africa,2008,30.2,1,720000,30.0,29.4,28.1,-0.2,-0.8,-2.1
Madagascar,MDG,East Africa,2009,30.0,0,0,29.4,28.1,27.4,-0.6,-1.9,-2.6
Madagascar,MDG,East Africa,2010,29.4,0,0,28.1,27.4,28.6,-1.3,-2.0,-0.8
Madagascar,MDG,East Africa,2011,28.1,0,0,27.4,28.6,30.1,-0.7,0.5,2.0
Madagascar,MDG,East Africa,2012,27.4,0,0,28.6,30.1,32.1,1.2,2.7,4.7
Madagascar,MDG,East Africa,2013,28.6,0,0,30.1,32.1,33.3,1.5,3.5,4.7
Madagascar,MDG,East Africa,2014,30.1,1,20000,32.1,33.3,35.0,2.0,3.2,4.9
Madagascar,MDG,East Africa,2015,32.1,0,0,33.3,35.0,36.0,1.2,2.9,3.9
Madagascar,MDG,East Africa,2016,33.3,1,1140000,35.0,36.0,37.5,1.7,2.7,4.2
Madagascar,MDG,East Africa,2017,35.0,1,1260000,36.0,37.5,38.9,1.0,2.5,3.9
Madagascar,MDG,East Africa,2018,36.0,0,0,37.5,38.9,40.6,1.5,2.9,4.6
Madagascar,MDG,East Africa,2019,37.5,0,0,38.9,40.6,39.9,1.4,3.1,2.4
Madagascar,MDG,East Africa,2020,38.9,1,1680000,40.6,39.9,39.9,1.7,1.0,1.0
Madagascar,MDG,East Africa,2021,40.6,0,0,39.9,39.9,39.5,-0.7,-0.7,-1.1
Madagascar,MDG,East Africa,2022,39.9,0,0,39.9,39.5,,0.0,-0.4,
Madagascar,MDG,East Africa,2023,39.9,0,0,39.5,,,-0.4,,
Malawi,MWI,East Africa,2002,23.2,1,2829435,23.4,24.1,23.2,0.2,0.9,0.0
Malawi,MWI,East Africa,2003,23.4,0,0,24.1,23.2,21.5,0.7,-0.2,-1.9
Malawi,MWI,East Africa,2004,24.1,0,0,23.2,21.5,19.3,-0.9,-2.6,-4.8
Malawi,MWI,East Africa,2005,23.2,1,5100000,21.5,19.3,17.5,-1.7,-3.9,-5.7
Malawi,MWI,East Africa,2006,21.5,0,0,19.3,17.5,15.9,-2.2,-4.0,-5.6
Malawi,MWI,East Africa,2007,19.3,1,520000,17.5,15.9,14.7,-1.8,-3.4,-4.6
Malawi,MWI,East Africa,2008,17.5,0,0,15.9,14.7,14.1,-1.6,-2.8,-3.4
Malawi,MWI,East Africa,2009,15.9,0,0,14.7,14.1,13.9,-1.2,-1.8,-2.0
Malawi,MWI,East Africa,2010,14.7,0,0,14.1,13.9,14.2,-0.6,-0.8,-0.5
Malawi,MWI,East Africa,2011,14.1,0,0,13.9,14.2,14.9,-0.2,0.1,0.8
Malawi,MWI,East Africa,2012,13.9,1,1900000,14.2,14.9,15.5,0.3,1.0,1.6
Malawi,MWI,East Africa,2013,14.2,0,0,14.9,15.5,16.3,0.7,1.3,2.1
Malawi,MWI,East Africa,2014,14.9,0,0,15.5,16.3,16.7,0.6,1.4,1.8
Malawi,MWI,East Africa,2015,15.5,1,6700000,16.3,16.7,17.6,0.8,1.2,2.1
Malawi,MWI,East Africa,2016,16.3,0,0,16.7,17.6,18.3,0.4,1.3,2.0
Malawi,MWI,East Africa,2017,16.7,0,0,17.6,18.3,19.3,0.9,1.6,2.6
Malawi,MWI,East Africa,2018,17.6,0,0,18.3,19.3,19.9,0.7,1.7,2.3
Malawi,MWI,East Africa,2019,18.3,0,0,19.3,19.9,20.4,1.0,1.6,2.1
Malawi,MWI,East Africa,2020,19.3,0,0,19.9,20.4,20.7,0.6,1.1,1.4
Malawi,MWI,East Africa,2021,19.9,0,0,20.4,20.7,21.4,0.5,0.8,1.5
Malawi,MWI,East Africa,2022,20.4,1,2678193,20.7,21.4,,0.3,1.0,
Malawi,MWI,East Africa,2023,20.7,0,0,21.4,,,0.7,,
Mali,MLI,West Africa,2002,14.2,0,0,13.3,13.2,12.4,-0.9,-1.0,-1.8
Mali,MLI,West Africa,2003,13.3,0,0,13.2,12.4,11.2,-0.1,-0.9,-2.1
Mali,MLI,West Africa,2004,13.2,0,0,12.4,11.2,9.8,-0.8,-2.0,-3.4
Mali,MLI,West Africa,2005,12.4,1,1000000,11.2,9.8,8.5,-1.2,-2.6,-3.9
Mali,MLI,West Africa,2006,11.2,1,25000,9.8,8.5,7.4,-1.4,-2.7,-3.8
Mali,MLI,West Africa,2007,9.8,0,0,8.5,7.4,6.7,-1.3,-2.4,-3.1
Mali,MLI,West Africa,2008,8.5,0,0,7.4,6.7,6.2,-1.1,-1.8,-2.3
Mali,MLI,West Africa,2009,7.4,0,0,6.7,6.2,5.8,-0.7,-1.2,-1.6
Mali,MLI,West Africa,2010,6.7,1,600000,6.2,5.8,5.4,-0.5,-0.9,-1.3
Mali,MLI,West Africa,2011,6.2,1,3500000,5.8,5.4,5.2,-0.4,-0.8,-1.0
Mali,MLI,West Africa,2012,5.8,0,0,5.4,5.2,5.0,-0.4,-0.6,-0.8
Mali,MLI,West Africa,2013,5.4,0,0,5.2,5.0,4.9,-0.2,-0.4,-0.5
Mali,MLI,West Africa,2014,5.2,0,0,5.0,4.9,4.5,-0.2,-0.3,-0.7
Mali,MLI,West Africa,2015,5.0,0,0,4.9,4.5,4.6,-0.1,-0.5,-0.4
Mali,MLI,West Africa,2016,4.9,0,0,4.5,4.6,4.6,-0.4,-0.3,-0.3
Mali,MLI,West Africa,2017,4.5,0,0,4.6,4.6,4.8,0.1,0.1,0.3
Mali,MLI,West Africa,2018,4.6,0,0,4.6,4.8,4.7,0.0,0.2,0.1
Mali,MLI,West Africa,2019,4.6,0,0,4.8,4.7,7.3,0.2,0.1,2.7
Mali,MLI,West Africa,2020,4.8,1,6800000,4.7,7.3,9.9,-0.1,2.5,5.1
Mali,MLI,West Africa,2021,4.7,0,0,7.3,9.9,12.3,2.6,5.2,7.6
Mali,MLI,West Africa,2022,7.3,1,1735753,9.9,12.3,,2.6,5.0,
Mali,MLI,West Africa,2023,9.9,0,0,12.3,,,2.4,,
Mauritania,MRT,West Africa,2002,9.8,0,0,9.2,9.5,9.5,-0.6,-0.3,-0.3
Mauritania,MRT,West Africa,2003,9.2,0,0,9.5,9.5,10.3,0.3,0.3,1.1
Mauritania,MRT,West Africa,2004,9.5,0,0,9.5,10.3,9.3,0.0,0.8,-0.2
Mauritania,MRT,West Africa,2005,9.5,0,0,10.3,9.3,8.4,0.8,-0.2,-1.1
Mauritania,MRT,West Africa,2006,10.3,0,0,9.3,8.4,7.3,-1.0,-1.9,-3.0
Mauritania,MRT,West Africa,2007,9.3,0,0,8.4,7.3,7.1,-0.9,-2.0,-2.2
Mauritania,MRT,West Africa,2008,8.4,0,0,7.3,7.1,7.0,-1.1,-1.3,-1.4
Mauritania,MRT,West Africa,2009,7.3,0,0,7.1,7.0,6.5,-0.2,-0.3,-0.8
Mauritania,MRT,West Africa,2010,7.1,1,838000,7.0,6.5,6.2,-0.1,-0.6,-0.9
Mauritania,MRT,West Africa,2011,7.0,1,723000,6.5,6.2,6.1,-0.5,-0.8,-0.9
Mauritania,MRT,West Africa,2012,6.5,0,0,6.2,6.1,6.3,-0.3,-0.4,-0.2
Mauritania,MRT,West Africa,2013,6.2,0,0,6.1,6.3,6.5,-0.1,0.1,0.3
Mauritania,MRT,West Africa,2014,6.1,0,0,6.3,6.5,6.7,0.2,0.4,0.6
Mauritania,MRT,West Africa,2015,6.3,0,0,6.5,6.7,6.6,0.2,0.4,0.3
Mauritania,MRT,West Africa,2016,6.5,0,0,6.7,6.6,6.5,0.2,0.1,0.0
Mauritania,MRT,West Africa,2017,6.7,1,3893774,6.6,6.5,6.6,-0.1,-0.2,-0.1
Mauritania,MRT,West Africa,2018,6.6,1,350600,6.5,6.6,7.0,-0.1,0.0,0.4
Mauritania,MRT,West Africa,2019,6.5,0,0,6.6,7.0,7.8,0.1,0.5,1.3
Mauritania,MRT,West Africa,2020,6.6,1,1400000,7.0,7.8,8.6,0.4,1.2,2.0
Mauritania,MRT,West Africa,2021,7.0,0,0,7.8,8.6,8.7,0.8,1.6,1.7
Mauritania,MRT,West Africa,2022,7.8,0,0,8.6,8.7,,0.8,0.9,
Mauritania,MRT,West Africa,2023,8.6,0,0,8.7,,,0.1,,
Mauritius,MUS,East Africa,2002,5.9,0,0,5.8,5.6,5.6,-0.1,-0.3,-0.3
Mauritius,MUS,East Africa,2003,5.8,0,0,5.6,5.6,5.4,-0.2,-0.2,-0.4
Mauritius,MUS,East Africa,2004,5.6,0,0,5.6,5.4,5.4,0.0,-0.2,-0.2
Mauritius,MUS,East Africa,2005,5.6,0,0,5.4,5.4,5.6,-0.2,-0.2,0.0
Mauritius,MUS,East Africa,2006,5.4,0,0,5.4,5.6,5.4,0.0,0.2,0.0
Mauritius,MUS,East Africa,2007,5.4,0,0,5.6,5.4,5.5,0.2,0.0,0.1
Mauritius,MUS,East Africa,2008,5.6,0,0,5.4,5.5,5.5,-0.2,-0.1,-0.1
Mauritius,MUS,East Africa,2009,5.4,0,0,5.5,5.5,6.1,0.1,0.1,0.7
Mauritius,MUS,East Africa,2010,5.5,0,0,5.5,6.1,6.5,0.0,0.6,1.0
Mauritius,MUS,East Africa,2011,5.5,0,0,6.1,6.5,6.7,0.6,1.0,1.2
Mauritius,MUS,East Africa,2012,6.1,0,0,6.5,6.7,6.8,0.4,0.6,0.7
Mauritius,MUS,East Africa,2013,6.5,0,0,6.7,6.8,7.1,0.2,0.3,0.6
Mauritius,MUS,East Africa,2014,6.7,0,0,6.8,7.1,7.2,0.1,0.4,0.5
Mauritius,MUS,East Africa,2015,6.8,0,0,7.1,7.2,7.3,0.3,0.4,0.5
Mauritius,MUS,East Africa,2016,7.1,0,0,7.2,7.3,7.1,0.1,0.2,0.0
Mauritius,MUS,East Africa,2017,7.2,0,0,7.3,7.1,7.6,0.1,-0.1,0.4
Mauritius,MUS,East Africa,2018,7.3,0,0,7.1,7.6,7.5,-0.2,0.3,0.2
Mauritius,MUS,East Africa,2019,7.1,0,0,7.6,7.5,7.7,0.5,0.4,0.6
Mauritius,MUS,East Africa,2020,7.6,0,0,7.5,7.7,7.9,-0.1,0.1,0.3
Mauritius,MUS,East Africa,2021,7.5,0,0,7.7,7.9,8.7,0.2,0.4,1.2
Mauritius,MUS,East Africa,2022,7.7,0,0,7.9,8.7,,0.2,1.0,
Mauritius,MUS,East Africa,2023,7.9,0,0,8.7,,,0.8,,
Morocco,MAR,North Africa,2002,5.8,0,0,5.4,5.1,4.9,-0.4,-0.7,-0.9
Morocco,MAR,North Africa,2003,5.4,0,0,5.1,4.9,4.8,-0.3,-0.5,-0.6
Morocco,MAR,North Africa,2004,5.1,0,0,4.9,4.8,4.8,-0.2,-0.3,-0.3
Morocco,MAR,North Africa,2005,4.9,0,0,4.8,4.8,4.8,-0.1,-0.1,-0.1
Morocco,MAR,North Africa,2006,4.8,0,0,4.8,4.8,4.8,0.0,0.0,0.0
Morocco,MAR,North Africa,2007,4.8,0,0,4.8,4.8,4.8,0.0,0.0,0.0
Morocco,MAR,North Africa,2008,4.8,0,0,4.8,4.8,4.7,0.0,0.0,-0.1
Morocco,MAR,North Africa,2009,4.8,0,0,4.8,4.7,4.5,0.0,-0.1,-0.3
Morocco,MAR,North Africa,2010,4.8,0,0,4.7,4.5,4.3,-0.1,-0.3,-0.5
Morocco,MAR,North Africa,2011,4.7,0,0,4.5,4.3,4.1,-0.2,-0.4,-0.6
Morocco,MAR,North Africa,2012,4.5,0,0,4.3,4.1,3.9,-0.2,-0.4,-0.6
Morocco,MAR,North Africa,2013,4.3,0,0,4.1,3.9,3.7,-0.2,-0.4,-0.6
Morocco,MAR,North Africa,2014,4.1,0,0,3.9,3.7,3.7,-0.2,-0.4,-0.4
Morocco,MAR,North Africa,2015,3.9,0,0,3.7,3.7,3.5,-0.2,-0.2,-0.4
Morocco,MAR,North Africa,2016,3.7,0,0,3.7,3.5,3.6,0.0,-0.2,-0.1
Morocco,MAR,North Africa,2017,3.7,0,0,3.5,3.6,4.1,-0.2,-0.1,0.4
Morocco,MAR,North Africa,2018,3.5,0,0,3.6,4.1,5.3,0.1,0.6,1.8
Morocco,MAR,North Africa,2019,3.6,0,0,4.1,5.3,6.5,0.5,1.7,2.9
Morocco,MAR,North Africa,2020,4.1,0,0,5.3,6.5,6.9,1.2,2.4,2.8
Morocco,MAR,North Africa,2021,5.3,0,0,6.5,6.9,7.0,1.2,1.6,1.7
Morocco,MAR,North Africa,2022,6.5,0,0,6.9,7.0,,0.4,0.5,
Morocco,MAR,North Africa,2023,6.9,0,0,7.0,,,0.1,,
Mozambique,MOZ,East Africa,2002,36.4,1,600000,34.9,32.8,30.9,-1.5,-3.6,-5.5
Mozambique,MOZ,East Africa,2003,34.9,1,119500,32.8,30.9,29.2,-2.1,-4.0,-5.7
Mozambique,MOZ,East Africa,2004,32.8,0,0,30.9,29.2,27.3,-1.9,-3.6,-5.5
Mozambique,MOZ,East Africa,2005,30.9,1,1400000,29.2,27.3,25.4,-1.7,-3.6,-5.5
Mozambique,MOZ,East Africa,2006,29.2,0,0,27.3,25.4,23.6,-1.9,-3.8,-5.6
Mozambique,MOZ,East Africa,2007,27.3,1,520000,25.4,23.6,21.7,-1.9,-3.7,-5.6
Mozambique,MOZ,East Africa,2008,25.4,1,500000,23.6,21.7,20.0,-1.8,-3.7,-5.4
Mozambique,MOZ,East Africa,2009,23.6,0,0,21.7,20.0,19.9,-1.9,-3.6,-3.7
Mozambique,MOZ,East Africa,2010,21.7,1,460000,20.0,19.9,21.6,-1.7,-1.8,-0.1
Mozambique,MOZ,East Africa,2011,20.0,0,0,19.9,21.6,26.4,-0.1,1.6,6.4
Mozambique,MOZ,East Africa,2012,19.9,0,0,21.6,26.4,32.6,1.7,6.5,12.7
Mozambique,MOZ,East Africa,2013,21.6,0,0,26.4,32.6,39.9,4.8,11.0,18.3
Mozambique,MOZ,East Africa,2014,26.4,0,0,32.6,39.9,41.6,6.2,13.5,15.2
Mozambique,MOZ,East Africa,2015,32.6,0,0,39.9,41.6,38.3,7.3,9.0,5.7
Mozambique,MOZ,East Africa,2016,39.9,1,2300000,41.6,38.3,32.5,1.7,-1.6,-7.4
Mozambique,MOZ,East Africa,2017,41.6,0,0,38.3,32.5,28.3,-3.3,-9.1,-13.3
Mozambique,MOZ,East Africa,2018,38.3,0,0,32.5,28.3,25.8,-5.8,-10.0,-12.5
Mozambique,MOZ,East Africa,2019,32.5,0,0,28.3,25.8,22.8,-4.2,-6.7,-9.7
Mozambique,MOZ,East Africa,2020,28.3,1,2700000,25.8,22.8,21.8,-2.5,-5.5,-6.5
Mozambique,MOZ,East Africa,2021,25.8,1,1562771,22.8,21.8,21.8,-3.0,-4.0,-4.0
Mozambique,MOZ,East Africa,2022,22.8,0,0,21.8,21.8,,-1.0,-1.0,
Mozambique,MOZ,East Africa,2023,21.8,1,3300000,21.8,,,0.0,,
Namibia,NAM,Southern Africa,2002,15.7,1,345000,16.5,17.7,18.4,0.8,2.0,2.7
Namibia,NAM,Southern Africa,2003,16.5,0,0,17.7,18.4,19.9,1.2,1.9,3.4
Namibia,NAM,Southern Africa,2004,17.7,0,0,18.4,19.9,22.0,0.7,2.2,4.3
Namibia,NAM,Southern Africa,2005,18.4,0,0,19.9,22.0,24.1,1.5,3.6,5.7
Namibia,NAM,Southern Africa,2006,19.9,0,0,22.0,24.1,26.1,2.1,4.2,6.2
Namibia,NAM,Southern Africa,2007,22.0,0,0,24.1,26.1,28.2,2.1,4.1,6.2
Namibia,NAM,Southern Africa,2008,24.1,0,0,26.1,28.2,29.1,2.0,4.1,5.0
Namibia,NAM,Southern Africa,2009,26.1,0,0,28.2,29.1,27.6,2.1,3.0,1.5
Namibia,NAM,Southern Africa,2010,28.2,0,0,29.1,27.6,25.1,0.9,-0.6,-3.1
Namibia,NAM,Southern Africa,2011,29.1,0,0,27.6,25.1,23.3,-1.5,-4.0,-5.8
Namibia,NAM,Southern Africa,2012,27.6,0,0,25.1,23.3,22.5,-2.5,-4.3,-5.1
Namibia,NAM,Southern Africa,2013,25.1,1,780000,23.3,22.5,21.7,-1.8,-2.6,-3.4
Namibia,NAM,Southern Africa,2014,23.3,0,0,22.5,21.7,20.6,-0.8,-1.6,-2.7
Namibia,NAM,Southern Africa,2015,22.5,1,580000,21.7,20.6,20.0,-0.8,-1.9,-2.5
Namibia,NAM,Southern Africa,2016,21.7,0,0,20.6,20.0,19.2,-1.1,-1.7,-2.5
Namibia,NAM,Southern Africa,2017,20.6,0,0,20.0,19.2,18.9,-0.6,-1.4,-1.7
Namibia,NAM,Southern Africa,2018,20.0,1,556000,19.2,18.9,18.5,-0.8,-1.1,-1.5
Namibia,NAM,Southern Africa,2019,19.2,0,0,18.9,18.5,18.7,-0.3,-0.7,-0.5
Namibia,NAM,Southern Africa,2020,18.9,0,0,18.5,18.7,18.4,-0.4,-0.2,-0.5
Namibia,NAM,Southern Africa,2021,18.5,0,0,18.7,18.4,18.1,0.2,-0.1,-0.4
Namibia,NAM,Southern Africa,2022,18.7,0,0,18.4,18.1,,-0.3,-0.6,
Namibia,NAM,Southern Africa,2023,18.4,0,0,18.1,,,-0.3,,
Niger,NER,West Africa,2002,23.1,0,0,22.2,21.1,19.1,-0.9,-2.0,-4.0
Niger,NER,West Africa,2003,22.2,0,0,21.1,19.1,18.0,-1.1,-3.1,-4.2
Niger,NER,West Africa,2004,21.1,0,0,19.1,18.0,17.0,-2.0,-3.1,-4.1
Niger,NER,West Africa,2005,19.1,1,3000000,18.0,17.0,16.1,-1.1,-2.1,-3.0
Niger,NER,West Africa,2006,18.0,0,0,17.0,16.1,15.2,-1.0,-1.9,-2.8
Niger,NER,West Africa,2007,17.0,0,0,16.1,15.2,14.3,-0.9,-1.8,-2.7
Niger,NER,West Africa,2008,16.1,0,0,15.2,14.3,14.6,-0.9,-1.8,-1.5
Niger,NER,West Africa,2009,15.2,1,7900000,14.3,14.6,14.8,-0.9,-0.6,-0.4
Niger,NER,West Africa,2010,14.3,0,0,14.6,14.8,15.0,0.3,0.5,0.7
Niger,NER,West Africa,2011,14.6,1,3000000,14.8,15.0,14.5,0.2,0.4,-0.1
Niger,NER,West Africa,2012,14.8,0,0,15.0,14.5,13.7,0.2,-0.3,-1.1
Niger,NER,West Africa,2013,15.0,0,0,14.5,13.7,12.7,-0.5,-1.3,-2.3
Niger,NER,West Africa,2014,14.5,0,0,13.7,12.7,12.0,-0.8,-1.8,-2.5
Niger,NER,West Africa,2015,13.7,1,2588128,12.7,12.0,11.1,-1.0,-1.7,-2.6
Niger,NER,West Africa,2016,12.7,0,0,12.0,11.1,10.9,-0.7,-1.6,-1.8
Niger,NER,West Africa,2017,12.0,1,1131300,11.1,10.9,10.1,-0.9,-1.1,-1.9
Niger,NER,West Africa,2018,11.1,0,0,10.9,10.1,10.9,-0.2,-1.0,-0.2
Niger,NER,West Africa,2019,10.9,0,0,10.1,10.9,11.4,-0.8,0.0,0.5
Niger,NER,West Africa,2020,10.1,1,3700000,10.9,11.4,12.7,0.8,1.3,2.6
Niger,NER,West Africa,2021,10.9,0,0,11.4,12.7,12.9,0.5,1.8,2.0
Niger,NER,West Africa,2022,11.4,1,4400000,12.7,12.9,,1.3,1.5,
Niger,NER,West Africa,2023,12.7,0,0,12.9,,,0.2,,
Nigeria,NGA,West Africa,2002,8.7,0,0,8.7,8.8,8.9,0.0,0.1,0.2
Nigeria,NGA,West Africa,2003,8.7,0,0,8.8,8.9,9.1,0.1,0.2,0.4
Nigeria,NGA,West Africa,2004,8.8,0,0,8.9,9.1,9.2,0.1,0.3,0.4
Nigeria,NGA,West Africa,2005,8.9,0,0,9.1,9.2,9.4,0.2,0.3,0.5
Nigeria,NGA,West Africa,2006,9.1,0,0,9.2,9.4,9.6,0.1,0.3,0.5
Nigeria,NGA,West Africa,2007,9.2,0,0,9.4,9.6,9.9,0.2,0.4,0.7
Nigeria,NGA,West Africa,2008,9.4,0,0,9.6,9.9,10.4,0.2,0.5,1.0
Nigeria,NGA,West Africa,2009,9.6,0,0,9.9,10.4,11.1,0.3,0.8,1.5
Nigeria,NGA,West Africa,2010,9.9,0,0,10.4,11.1,11.7,0.5,1.2,1.8
Nigeria,NGA,West Africa,2011,10.4,0,0,11.1,11.7,11.4,0.7,1.3,1.0
Nigeria,NGA,West Africa,2012,11.1,0,0,11.7,11.4,11.1,0.6,0.3,0.0
Nigeria,NGA,West Africa,2013,11.7,0,0,11.4,11.1,10.7,-0.3,-0.6,-1.0
Nigeria,NGA,West Africa,2014,11.4,0,0,11.1,10.7,10.8,-0.3,-0.7,-0.6
Nigeria,NGA,West Africa,2015,11.1,0,0,10.7,10.8,11.5,-0.4,-0.3,0.4
Nigeria,NGA,West Africa,2016,10.7,0,0,10.8,11.5,12.1,0.1,0.8,1.4
Nigeria,NGA,West Africa,2017,10.8,0,0,11.5,12.1,14.3,0.7,1.3,3.5
Nigeria,NGA,West Africa,2018,11.5,0,0,12.1,14.3,15.8,0.6,2.8,4.3
Nigeria,NGA,West Africa,2019,12.1,0,0,14.3,15.8,17.6,2.2,3.7,5.5
Nigeria,NGA,West Africa,2020,14.3,0,0,15.8,17.6,18.7,1.5,3.3,4.4
Nigeria,NGA,West Africa,2021,15.8,0,0,17.6,18.7,19.9,1.8,2.9,4.1
Nigeria,NGA,West Africa,2022,17.6,1,19110398,18.7,19.9,,1.1,2.3,
Nigeria,NGA,West Africa,2023,18.7,0,0,19.9,,,1.2,,
Rwanda,RWA,East Africa,2002,37.6,0,0,34.3,33.6,36.0,-3.3,-4.0,-1.6
Rwanda,RWA,East Africa,2003,34.3,1,1000000,33.6,36.0,36.7,-0.7,1.7,2.4
Rwanda,RWA,East Africa,2004,33.6,0,0,36.0,36.7,36.6,2.4,3.1,3.0
Rwanda,RWA,East Africa,2005,36.0,0,0,36.7,36.6,36.5,0.7,0.6,0.5
Rwanda,RWA,East Africa,2006,36.7,0,0,36.6,36.5,36.5,-0.1,-0.2,-0.2
Rwanda,RWA,East Africa,2007,36.6,0,0,36.5,36.5,36.0,-0.1,-0.1,-0.6
Rwanda,RWA,East Africa,2008,36.5,0,0,36.5,36.0,35.7,0.0,-0.5,-0.8
Rwanda,RWA,East Africa,2009,36.5,0,0,36.0,35.7,35.3,-0.5,-0.8,-1.2
Rwanda,RWA,East Africa,2010,36.0,0,0,35.7,35.3,35.5,-0.3,-0.7,-0.5
Rwanda,RWA,East Africa,2011,35.7,0,0,35.3,35.5,35.7,-0.4,-0.2,0.0
Rwanda,RWA,East Africa,2012,35.3,0,0,35.5,35.7,37.1,0.2,0.4,1.8
Rwanda,RWA,East Africa,2013,35.5,0,0,35.7,37.1,35.8,0.2,1.6,0.3
Rwanda,RWA,East Africa,2014,35.7,0,0,37.1,35.8,33.7,1.4,0.1,-2.0
Rwanda,RWA,East Africa,2015,37.1,0,0,35.8,33.7,31.9,-1.3,-3.4,-5.2
Rwanda,RWA,East Africa,2016,35.8,0,0,33.7,31.9,32.7,-2.1,-3.9,-3.1
Rwanda,RWA,East Africa,2017,33.7,0,0,31.9,32.7,35.6,-1.8,-1.0,1.9
Rwanda,RWA,East Africa,2018,31.9,0,0,32.7,35.6,34.7,0.8,3.7,2.8
Rwanda,RWA,East Africa,2019,32.7,0,0,35.6,34.7,31.0,2.9,2.0,-1.7
Rwanda,RWA,East Africa,2020,35.6,0,0,34.7,31.0,26.6,-0.9,-4.6,-9.0
Rwanda,RWA,East Africa,2021,34.7,0,0,31.0,26.6,24.4,-3.7,-8.1,-10.3
Rwanda,RWA,East Africa,2022,31.0,0,0,26.6,24.4,,-4.4,-6.6,
Rwanda,RWA,East Africa,2023,26.6,0,0,24.4,,,-2.2,,
Sao Tome and Principe,STP,Central Africa,2002,15.5,0,0,13.8,12.3,11.1,-1.7,-3.2,-4.4
Sao Tome and Principe,STP,Central Africa,2003,13.8,0,0,12.3,11.1,10.4,-1.5,-2.7,-3.4
Sao Tome and Principe,STP,Central Africa,2004,12.3,0,0,11.1,10.4,10.6,-1.2,-1.9,-1.7
Sao Tome and Principe,STP,Central Africa,2005,11.1,0,0,10.4,10.6,11.6,-0.7,-0.5,0.5
Sao Tome and Principe,STP,Central Africa,2006,10.4,0,0,10.6,11.6,13.0,0.2,1.2,2.6
Sao Tome and Principe,STP,Central Africa,2007,10.6,0,0,11.6,13.0,14.7,1.0,2.4,4.1
Sao Tome and Principe,STP,Central Africa,2008,11.6,0,0,13.0,14.7,16.5,1.4,3.1,4.9
Sao Tome and Principe,STP,Central Africa,2009,13.0,0,0,14.7,16.5,17.6,1.7,3.5,4.6
Sao Tome and Principe,STP,Central Africa,2010,14.7,0,0,16.5,17.6,17.4,1.8,2.9,2.7
Sao Tome and Principe,STP,Central Africa,2011,16.5,0,0,17.6,17.4,17.4,1.1,0.9,0.9
Sao Tome and Principe,STP,Central Africa,2012,17.6,0,0,17.4,17.4,18.1,-0.2,-0.2,0.5
Sao Tome and Principe,STP,Central Africa,2013,17.4,0,0,17.4,18.1,18.5,0.0,0.7,1.1
Sao Tome and Principe,STP,Central Africa,2014,17.4,0,0,18.1,18.5,18.3,0.7,1.1,0.9
Sao Tome and Principe,STP,Central Africa,2015,18.1,0,0,18.5,18.3,17.9,0.4,0.2,-0.2
Sao Tome and Principe,STP,Central Africa,2016,18.5,0,0,18.3,17.9,17.8,-0.2,-0.6,-0.7
Sao Tome and Principe,STP,Central Africa,2017,18.3,0,0,17.9,17.8,16.9,-0.4,-0.5,-1.4
Sao Tome and Principe,STP,Central Africa,2018,17.9,0,0,17.8,16.9,15.9,-0.1,-1.0,-2.0
Sao Tome and Principe,STP,Central Africa,2019,17.8,0,0,16.9,15.9,16.0,-0.9,-1.9,-1.8
Sao Tome and Principe,STP,Central Africa,2020,16.9,0,0,15.9,16.0,16.7,-1.0,-0.9,-0.2
Sao Tome and Principe,STP,Central Africa,2021,15.9,0,0,16.0,16.7,17.4,0.1,0.8,1.5
Sao Tome and Principe,STP,Central Africa,2022,16.0,0,0,16.7,17.4,,0.7,1.4,
Sao Tome and Principe,STP,Central Africa,2023,16.7,0,0,17.4,,,0.7,,
Senegal,SEN,West Africa,2002,21.1,1,284000,20.0,18.6,17.1,-1.1,-2.5,-4.0
Senegal,SEN,West Africa,2003,20.0,0,0,18.6,17.1,15.8,-1.4,-2.9,-4.2
Senegal,SEN,West Africa,2004,18.6,0,0,17.1,15.8,14.6,-1.5,-2.8,-4.0
Senegal,SEN,West Africa,2005,17.1,0,0,15.8,14.6,12.2,-1.3,-2.5,-4.9
Senegal,SEN,West Africa,2006,15.8,0,0,14.6,12.2,10.9,-1.2,-3.6,-4.9
Senegal,SEN,West Africa,2007,14.6,0,0,12.2,10.9,10.3,-2.4,-3.7,-4.3
Senegal,SEN,West Africa,2008,12.2,0,0,10.9,10.3,10.9,-1.3,-1.9,-1.3
Senegal,SEN,West Africa,2009,10.9,0,0,10.3,10.9,11.1,-0.6,0.0,0.2
Senegal,SEN,West Africa,2010,10.3,0,0,10.9,11.1,11.3,0.6,0.8,1.0
Senegal,SEN,West Africa,2011,10.9,1,850000,11.1,11.3,11.2,0.2,0.4,0.3
Senegal,SEN,West Africa,2012,11.1,0,0,11.3,11.2,11.1,0.2,0.1,0.0
Senegal,SEN,West Africa,2013,11.3,0,0,11.2,11.1,10.0,-0.1,-0.2,-1.3
Senegal,SEN,West Africa,2014,11.2,1,639702,11.1,10.0,8.9,-0.1,-1.2,-2.3
Senegal,SEN,West Africa,2015,11.1,0,0,10.0,8.9,8.0,-1.1,-2.2,-3.1
Senegal,SEN,West Africa,2016,10.0,0,0,8.9,8.0,7.1,-1.1,-2.0,-2.9
Senegal,SEN,West Africa,2017,8.9,0,0,8.0,7.1,6.2,-0.9,-1.8,-2.7
Senegal,SEN,West Africa,2018,8.0,1,320000,7.1,6.2,5.3,-0.9,-1.8,-2.7
Senegal,SEN,West Africa,2019,7.1,0,0,6.2,5.3,5.2,-0.9,-1.8,-1.9
Senegal,SEN,West Africa,2020,6.2,0,0,5.3,5.2,5.1,-0.9,-1.0,-1.1
Senegal,SEN,West Africa,2021,5.3,0,0,5.2,5.1,5.1,-0.1,-0.2,-0.2
Senegal,SEN,West Africa,2022,5.2,0,0,5.1,5.1,,-0.1,-0.1,
Senegal,SEN,West Africa,2023,5.1,0,0,5.1,,,0.0,,
Seychelles,SYC,East Africa,2002,2.5,0,0,2.5,2.5,2.5,0.0,0.0,0.0
Seychelles,SYC,East Africa,2003,2.5,0,0,2.5,2.5,2.8,0.0,0.0,0.3
Seychelles,SYC,East Africa,2004,2.5,0,0,2.5,2.8,3.1,0.0,0.3,0.6
Seychelles,SYC,East Africa,2005,2.5,0,0,2.8,3.1,3.5,0.3,0.6,1.0
Seychelles,SYC,East Africa,2006,2.8,0,0,3.1,3.5,3.9,0.3,0.7,1.1
Seychelles,SYC,East Africa,2007,3.1,0,0,3.5,3.9,4.3,0.4,0.8,1.2
Seychelles,SYC,East Africa,2008,3.5,0,0,3.9,4.3,4.9,0.4,0.8,1.4
Seychelles,SYC,East Africa,2009,3.9,0,0,4.3,4.9,5.2,0.4,1.0,1.3
Seychelles,SYC,East Africa,2010,4.3,0,0,4.9,5.2,5.5,0.6,0.9,1.2
Seychelles,SYC,East Africa,2011,4.9,0,0,5.2,5.5,5.2,0.3,0.6,0.3
Seychelles,SYC,East Africa,2012,5.2,0,0,5.5,5.2,4.9,0.3,0.0,-0.3
Seychelles,SYC,East Africa,2013,5.5,0,0,5.2,4.9,4.3,-0.3,-0.6,-1.2
Seychelles,SYC,East Africa,2014,5.2,0,0,4.9,4.3,3.7,-0.3,-0.9,-1.5
Seychelles,SYC,East Africa,2015,4.9,0,0,4.3,3.7,3.3,-0.6,-1.2,-1.6
Seychelles,SYC,East Africa,2016,4.3,0,0,3.7,3.3,3.0,-0.6,-1.0,-1.3
Seychelles,SYC,East Africa,2017,3.7,0,0,3.3,3.0,2.7,-0.4,-0.7,-1.0
Seychelles,SYC,East Africa,2018,3.3,0,0,3.0,2.7,2.5,-0.3,-0.6,-0.8
Seychelles,SYC,East Africa,2019,3.0,0,0,2.7,2.5,2.5,-0.3,-0.5,-0.5
Seychelles,SYC,East Africa,2020,2.7,0,0,2.5,2.5,2.5,-0.2,-0.2,-0.2
Seychelles,SYC,East Africa,2021,2.5,0,0,2.5,2.5,2.5,0.0,0.0,0.0
Seychelles,SYC,East Africa,2022,2.5,0,0,2.5,2.5,,0.0,0.0,
Seychelles,SYC,East Africa,2023,2.5,0,0,2.5,,,0.0,,
Sierra Leone,SLE,West Africa,2002,50.0,0,0,49.2,47.0,44.4,-0.8,-3.0,-5.6
Sierra Leone,SLE,West Africa,2003,49.2,0,0,47.0,44.4,40.2,-2.2,-4.8,-9.0
Sierra Leone,SLE,West Africa,2004,47.0,0,0,44.4,40.2,36.0,-2.6,-6.8,-11.0
Sierra Leone,SLE,West Africa,2005,44.4,0,0,40.2,36.0,31.9,-4.2,-8.4,-12.5
Sierra Leone,SLE,West Africa,2006,40.2,0,0,36.0,31.9,28.1,-4.2,-8.3,-12.1
Sierra Leone,SLE,West Africa,2007,36.0,0,0,31.9,28.1,24.8,-4.1,-7.9,-11.2
Sierra Leone,SLE,West Africa,2008,31.9,0,0,28.1,24.8,22.5,-3.8,-7.1,-9.4
Sierra Leone,SLE,West Africa,2009,28.1,0,0,24.8,22.5,21.6,-3.3,-5.6,-6.5
Sierra Leone,SLE,West Africa,2010,24.8,0,0,22.5,21.6,21.9,-2.3,-3.2,-2.9
Sierra Leone,SLE,West Africa,2011,22.5,0,0,21.6,21.9,23.2,-0.9,-0.6,0.7
Sierra Leone,SLE,West Africa,2012,21.6,0,0,21.9,23.2,23.2,0.3,1.6,1.6
Sierra Leone,SLE,West Africa,2013,21.9,0,0,23.2,23.2,24.1,1.3,1.3,2.2
Sierra Leone,SLE,West Africa,2014,23.2,0,0,23.2,24.1,24.5,0.0,0.9,1.3
Sierra Leone,SLE,West Africa,2015,23.2,0,0,24.1,24.5,26.0,0.9,1.3,2.8
Sierra Leone,SLE,West Africa,2016,24.1,0,0,24.5,26.0,27.0,0.4,1.9,2.9
Sierra Leone,SLE,West Africa,2017,24.5,0,0,26.0,27.0,27.8,1.5,2.5,3.3
Sierra Leone,SLE,West Africa,2018,26.0,0,0,27.0,27.8,27.5,1.0,1.8,1.5
Sierra Leone,SLE,West Africa,2019,27.0,0,0,27.8,27.5,26.3,0.8,0.5,-0.7
Sierra Leone,SLE,West Africa,2020,27.8,0,0,27.5,26.3,25.2,-0.3,-1.5,-2.6
Sierra Leone,SLE,West Africa,2021,27.5,0,0,26.3,25.2,24.1,-1.2,-2.3,-3.4
Sierra Leone,SLE,West Africa,2022,26.3,0,0,25.2,24.1,,-1.1,-2.2,
Sierra Leone,SLE,West Africa,2023,25.2,0,0,24.1,,,-1.1,,
Somalia,SOM,East Africa,2002,70.0,0,0,69.9,69.8,69.7,-0.1,-0.2,-0.3
Somalia,SOM,East Africa,2003,69.9,0,0,69.8,69.7,69.7,-0.1,-0.2,-0.2
Somalia,SOM,East Africa,2004,69.8,1,200000,69.7,69.7,69.7,-0.1,-0.1,-0.1
Somalia,SOM,East Africa,2005,69.7,1,0,69.7,69.7,69.7,0.0,0.0,0.0
Somalia,SOM,East Africa,2006,69.7,0,0,69.7,69.7,69.8,0.0,0.0,0.1
Somalia,SOM,East Africa,2007,69.7,0,0,69.7,69.8,71.8,0.0,0.1,2.1
Somalia,SOM,East Africa,2008,69.7,1,3300000,69.8,71.8,72.5,0.1,2.1,2.8
Somalia,SOM,East Africa,2009,69.8,0,0,71.8,72.5,71.5,2.0,2.7,1.7
Somalia,SOM,East Africa,2010,71.8,1,4000000,72.5,71.5,67.4,0.7,-0.3,-4.4
Somalia,SOM,East Africa,2011,72.5,0,0,71.5,67.4,63.3,-1.0,-5.1,-9.2
Somalia,SOM,East Africa,2012,71.5,1,3000000,67.4,63.3,61.4,-4.1,-8.2,-10.1
Somalia,SOM,East Africa,2013,67.4,0,0,63.3,61.4,60.7,-4.1,-6.0,-6.7
Somalia,SOM,East Africa,2014,63.3,1,535624,61.4,60.7,60.2,-1.9,-2.6,-3.1
Somalia,SOM,East Africa,2015,61.4,1,6700000,60.7,60.2,59.0,-0.7,-1.2,-2.4
Somalia,SOM,East Africa,2016,60.7,0,0,60.2,59.0,56.2,-0.5,-1.7,-4.5
Somalia,SOM,East Africa,2017,60.2,0,0,59.0,56.2,53.9,-1.2,-4.0,-6.3
Somalia,SOM,East Africa,2018,59.0,0,0,56.2,53.9,52.1,-2.8,-5.1,-6.9
Somalia,SOM,East Africa,2019,56.2,1,1500000,53.9,52.1,52.1,-2.3,-4.1,-4.1
Somalia,SOM,East Africa,2020,53.9,0,0,52.1,52.1,52.8,-1.8,-1.8,-1.1
Somalia,SOM,East Africa,2021,52.1,1,7100000,52.1,52.8,53.2,0.0,0.7,1.1
Somalia,SOM,East Africa,2022,52.1,0,0,52.8,53.2,,0.7,1.1,
Somalia,SOM,East Africa,2023,52.8,0,0,53.2,,,0.4,,
South Africa,ZAF,Southern Africa,2002,3.6,0,0,3.5,3.4,3.3,-0.1,-0.2,-0.3
South Africa,ZAF,Southern Africa,2003,3.5,0,0,3.4,3.3,3.3,-0.1,-0.2,-0.2
South Africa,ZAF,Southern Africa,2004,3.4,1,15000000,3.3,3.3,3.4,-0.1,-0.1,0.0
South Africa,ZAF,Southern Africa,2005,3.3,0,0,3.3,3.4,3.5,0.0,0.1,0.2
South Africa,ZAF,Southern Africa,2006,3.3,0,0,3.4,3.5,3.5,0.1,0.2,0.2
South Africa,ZAF,Southern Africa,2007,3.4,0,0,3.5,3.5,4.0,0.1,0.1,0.6
South Africa,ZAF,Southern Africa,2008,3.5,0,0,3.5,4.0,4.5,0.0,0.5,1.0
South Africa,ZAF,Southern Africa,2009,3.5,0,0,4.0,4.5,5.0,0.5,1.0,1.5
South Africa,ZAF,Southern Africa,2010,4.0,0,0,4.5,5.0,5.2,0.5,1.0,1.2
South Africa,ZAF,Southern Africa,2011,4.5,0,0,5.0,5.2,5.6,0.5,0.7,1.1
South Africa,ZAF,Southern Africa,2012,5.0,0,0,5.2,5.6,6.4,0.2,0.6,1.4
South Africa,ZAF,Southern Africa,2013,5.2,0,0,5.6,6.4,6.6,0.4,1.2,1.4
South Africa,ZAF,Southern Africa,2014,5.6,0,0,6.4,6.6,6.4,0.8,1.0,0.8
South Africa,ZAF,Southern Africa,2015,6.4,1,2700000,6.6,6.4,6.1,0.2,0.0,-0.3
South Africa,ZAF,Southern Africa,2016,6.6,0,0,6.4,6.1,6.4,-0.2,-0.5,-0.2
South Africa,ZAF,Southern Africa,2017,6.4,1,0,6.1,6.4,7.2,-0.3,0.0,0.8
South Africa,ZAF,Southern Africa,2018,6.1,0,0,6.4,7.2,8.6,0.3,1.1,2.5
South Africa,ZAF,Southern Africa,2019,6.4,1,750000,7.2,8.6,9.4,0.8,2.2,3.0
South Africa,ZAF,Southern Africa,2020,7.2,0,0,8.6,9.4,10.0,1.4,2.2,2.8
South Africa,ZAF,Southern Africa,2021,8.6,1,12000000,9.4,10.0,10.0,0.8,1.4,1.4
South Africa,ZAF,Southern Africa,2022,9.4,0,0,10.0,10.0,,0.6,0.6,
South Africa,ZAF,Southern Africa,2023,10.0,0,0,10.0,,,0.0,,
South Sudan,SSD,East Africa,2021,21.8,1,7723670,21.4,21.0,22.3,-0.4,-0.8,0.5
South Sudan,SSD,East Africa,2022,21.4,0,0,21.0,22.3,,-0.4,0.9,
South Sudan,SSD,East Africa,2023,21.0,0,0,22.3,,,1.3,,
Sudan,SDN,North Africa,2014,8.7,0,0,8.4,8.9,9.8,-0.3,0.2,1.1
Sudan,SDN,North Africa,2015,8.4,1,800000,8.9,9.8,10.3,0.5,1.4,1.9
Sudan,SDN,North Africa,2016,8.9,0,0,9.8,10.3,10.8,0.9,1.4,1.9
Sudan,SDN,North Africa,2017,9.8,0,0,10.3,10.8,10.8,0.5,1.0,1.0
Sudan,SDN,North Africa,2018,10.3,0,0,10.8,10.8,11.1,0.5,0.5,0.8
Sudan,SDN,North Africa,2019,10.8,0,0,10.8,11.1,11.0,0.0,0.3,0.2
Sudan,SDN,North Africa,2020,10.8,0,0,11.1,11.0,,0.3,0.2,
Sudan,SDN,North Africa,2021,11.1,0,0,11.0,,,-0.1,,
Sudan,SDN,North Africa,2022,11.0,1,11839300,,,,,,
Togo,TGO,West Africa,2002,28.8,0,0,28.8,27.7,26.2,0.0,-1.1,-2.6
Togo,TGO,West Africa,2003,28.8,0,0,27.7,26.2,24.8,-1.1,-2.6,-4.0
Togo,TGO,West Africa,2004,27.7,0,0,26.2,24.8,23.6,-1.5,-2.9,-4.1
Togo,TGO,West Africa,2005,26.2,0,0,24.8,23.6,22.2,-1.4,-2.6,-4.0
Togo,TGO,West Africa,2006,24.8,0,0,23.6,22.2,20.7,-1.2,-2.6,-4.1
Togo,TGO,West Africa,2007,23.6,0,0,22.2,20.7,19.9,-1.4,-2.9,-3.7
Togo,TGO,West Africa,2008,22.2,0,0,20.7,19.9,19.6,-1.5,-2.3,-2.6
Togo,TGO,West Africa,2009,20.7,0,0,19.9,19.6,20.1,-0.8,-1.1,-0.6
Togo,TGO,West Africa,2010,19.9,0,0,19.6,20.1,19.9,-0.3,0.2,0.0
Togo,TGO,West Africa,2011,19.6,0,0,20.1,19.9,19.6,0.5,0.3,0.0
Togo,TGO,West Africa,2012,20.1,0,0,19.9,19.6,20.0,-0.2,-0.5,-0.1
Togo,TGO,West Africa,2013,19.9,0,0,19.6,20.0,20.1,-0.3,0.1,0.2
Togo,TGO,West Africa,2014,19.6,0,0,20.0,20.1,20.6,0.4,0.5,1.0
Togo,TGO,West Africa,2015,20.0,0,0,20.1,20.6,20.4,0.1,0.6,0.4
Togo,TGO,West Africa,2016,20.1,0,0,20.6,20.4,19.7,0.5,0.3,-0.4
Togo,TGO,West Africa,2017,20.6,0,0,20.4,19.7,18.2,-0.2,-0.9,-2.4
Togo,TGO,West Africa,2018,20.4,0,0,19.7,18.2,15.9,-0.7,-2.2,-4.5
Togo,TGO,West Africa,2019,19.7,0,0,18.2,15.9,13.7,-1.5,-3.8,-6.0
Togo,TGO,West Africa,2020,18.2,0,0,15.9,13.7,11.1,-2.3,-4.5,-7.1
Togo,TGO,West Africa,2021,15.9,0,0,13.7,11.1,9.1,-2.2,-4.8,-6.8
Togo,TGO,West Africa,2022,13.7,0,0,11.1,9.1,,-2.6,-4.6,
Togo,TGO,West Africa,2023,11.1,0,0,9.1,,,-2.0,,
Tunisia,TUN,North Africa,2002,4.0,0,0,4.1,4.2,4.1,0.1,0.2,0.1
Tunisia,TUN,North Africa,2003,4.1,0,0,4.2,4.1,4.0,0.1,0.0,-0.1
Tunisia,TUN,North Africa,2004,4.2,0,0,4.1,4.0,4.0,-0.1,-0.2,-0.2
Tunisia,TUN,North Africa,2005,4.1,0,0,4.0,4.0,3.8,-0.1,-0.1,-0.3
Tunisia,TUN,North Africa,2006,4.0,0,0,4.0,3.8,3.6,0.0,-0.2,-0.4
Tunisia,TUN,North Africa,2007,4.0,0,0,3.8,3.6,3.4,-0.2,-0.4,-0.6
Tunisia,TUN,North Africa,2008,3.8,0,0,3.6,3.4,3.4,-0.2,-0.4,-0.4
Tunisia,TUN,North Africa,2009,3.6,0,0,3.4,3.4,3.4,-0.2,-0.2,-0.2
Tunisia,TUN,North Africa,2010,3.4,0,0,3.4,3.4,3.2,0.0,0.0,-0.2
Tunisia,TUN,North Africa,2011,3.4,0,0,3.4,3.2,3.1,0.0,-0.2,-0.3
Tunisia,TUN,North Africa,2012,3.4,0,0,3.2,3.1,2.9,-0.2,-0.3,-0.5
Tunisia,TUN,North Africa,2013,3.2,0,0,3.1,2.9,2.8,-0.1,-0.3,-0.4
Tunisia,TUN,North Africa,2014,3.1,0,0,2.9,2.8,2.8,-0.2,-0.3,-0.3
Tunisia,TUN,North Africa,2015,2.9,0,0,2.8,2.8,2.6,-0.1,-0.1,-0.3
Tunisia,TUN,North Africa,2016,2.8,0,0,2.8,2.6,2.5,0.0,-0.2,-0.3
Tunisia,TUN,North Africa,2017,2.8,0,0,2.6,2.5,2.5,-0.2,-0.3,-0.3
Tunisia,TUN,North Africa,2018,2.6,0,0,2.5,2.5,2.8,-0.1,-0.1,0.2
Tunisia,TUN,North Africa,2019,2.5,0,0,2.5,2.8,3.1,0.0,0.3,0.6
Tunisia,TUN,North Africa,2020,2.5,0,0,2.8,3.1,3.2,0.3,0.6,0.7
Tunisia,TUN,North Africa,2021,2.8,0,0,3.1,3.2,3.0,0.3,0.4,0.2
Tunisia,TUN,North Africa,2022,3.1,0,0,3.2,3.0,,0.1,-0.1,
Tunisia,TUN,North Africa,2023,3.2,0,0,3.0,,,-0.2,,
Uganda,UGA,East Africa,2002,21.2,1,655000,19.5,18.4,18.1,-1.7,-2.8,-3.1
Uganda,UGA,East Africa,2003,19.5,0,0,18.4,18.1,18.8,-1.1,-1.4,-0.7
Uganda,UGA,East Africa,2004,18.4,0,0,18.1,18.8,19.2,-0.3,0.4,0.8
Uganda,UGA,East Africa,2005,18.1,1,600000,18.8,19.2,19.6,0.7,1.1,1.5
Uganda,UGA,East Africa,2006,18.8,0,0,19.2,19.6,19.8,0.4,0.8,1.0
Uganda,UGA,East Africa,2007,19.2,0,0,19.6,19.8,18.7,0.4,0.6,-0.5
Uganda,UGA,East Africa,2008,19.6,1,1100000,19.8,18.7,17.6,0.2,-0.9,-2.0
Uganda,UGA,East Africa,2009,19.8,0,0,18.7,17.6,17.7,-1.1,-2.2,-2.1
Uganda,UGA,East Africa,2010,18.7,0,0,17.6,17.7,19.6,-1.1,-1.0,0.9
Uganda,UGA,East Africa,2011,17.6,1,669000,17.7,19.6,21.3,0.1,2.0,3.7
Uganda,UGA,East Africa,2012,17.7,0,0,19.6,21.3,23.8,1.9,3.6,6.1
Uganda,UGA,East Africa,2013,19.6,0,0,21.3,23.8,30.6,1.7,4.2,11.0
Uganda,UGA,East Africa,2014,21.3,0,0,23.8,30.6,35.4,2.5,9.3,14.1
Uganda,UGA,East Africa,2015,23.8,0,0,30.6,35.4,35.5,6.8,11.6,11.7
Uganda,UGA,East Africa,2016,30.6,0,0,35.4,35.5,35.9,4.8,4.9,5.3
Uganda,UGA,East Africa,2017,35.4,0,0,35.5,35.9,33.1,0.1,0.5,-2.3
Uganda,UGA,East Africa,2018,35.5,0,0,35.9,33.1,33.1,0.4,-2.4,-2.4
Uganda,UGA,East Africa,2019,35.9,0,0,33.1,33.1,25.6,-2.8,-2.8,-10.3
Uganda,UGA,East Africa,2020,33.1,0,0,33.1,25.6,24.2,0.0,-7.5,-8.9
Uganda,UGA,East Africa,2021,33.1,0,0,25.6,24.2,22.0,-7.5,-8.9,-11.1
Uganda,UGA,East Africa,2022,25.6,1,518000,24.2,22.0,,-1.4,-3.6,
Uganda,UGA,East Africa,2023,24.2,0,0,22.0,,,-2.2,,
United Republic of Tanzania,TZA,East Africa,2002,32.8,0,0,33.6,32.1,31.5,0.8,-0.7,-1.3
United Republic of Tanzania,TZA,East Africa,2003,33.6,1,1900000,32.1,31.5,28.5,-1.5,-2.1,-5.1
United Republic of Tanzania,TZA,East Africa,2004,32.1,1,254000,31.5,28.5,27.0,-0.6,-3.6,-5.1
United Republic of Tanzania,TZA,East Africa,2005,31.5,0,0,28.5,27.0,25.9,-3.0,-4.5,-5.6
United Republic of Tanzania,TZA,East Africa,2006,28.5,1,3700000,27.0,25.9,25.1,-1.5,-2.6,-3.4
United Republic of Tanzania,TZA,East Africa,2007,27.0,0,0,25.9,25.1,24.6,-1.1,-1.9,-2.4
United Republic of Tanzania,TZA,East Africa,2008,25.9,0,0,25.1,24.6,23.7,-0.8,-1.3,-2.2
United Republic of Tanzania,TZA,East Africa,2009,25.1,0,0,24.6,23.7,22.7,-0.5,-1.4,-2.4
United Republic of Tanzania,TZA,East Africa,2010,24.6,0,0,23.7,22.7,21.7,-0.9,-1.9,-2.9
United Republic of Tanzania,TZA,East Africa,2011,23.7,1,1000000,22.7,21.7,21.2,-1.0,-2.0,-2.5
United Republic of Tanzania,TZA,East Africa,2012,22.7,0,0,21.7,21.2,21.1,-1.0,-1.5,-1.6
United Republic of Tanzania,TZA,East Africa,2013,21.7,0,0,21.2,21.1,21.3,-0.5,-0.6,-0.4
United Republic of Tanzania,TZA,East Africa,2014,21.2,0,0,21.1,21.3,21.9,-0.1,0.1,0.7
United Republic of Tanzania,TZA,East Africa,2015,21.1,0,0,21.3,21.9,22.6,0.2,0.8,1.5
United Republic of Tanzania,TZA,East Africa,2016,21.3,0,0,21.9,22.6,22.9,0.6,1.3,1.6
United Republic of Tanzania,TZA,East Africa,2017,21.9,0,0,22.6,22.9,23.0,0.7,1.0,1.1
United Republic of Tanzania,TZA,East Africa,2018,22.6,0,0,22.9,23.0,22.8,0.3,0.4,0.2
United Republic of Tanzania,TZA,East Africa,2019,22.9,0,0,23.0,22.8,22.4,0.1,-0.1,-0.5
United Republic of Tanzania,TZA,East Africa,2020,23.0,0,0,22.8,22.4,21.4,-0.2,-0.6,-1.6
United Republic of Tanzania,TZA,East Africa,2021,22.8,1,2100000,22.4,21.4,20.2,-0.4,-1.4,-2.6
United Republic of Tanzania,TZA,East Africa,2022,22.4,0,0,21.4,20.2,,-1.0,-2.2,
United Republic of Tanzania,TZA,East Africa,2023,21.4,0,0,20.2,,,-1.2,,
Zambia,ZMB,East Africa,2002,50.3,0,0,50.1,50.1,49.5,-0.2,-0.2,-0.8
Zambia,ZMB,East Africa,2003,50.1,0,0,50.1,49.5,49.4,0.0,-0.6,-0.7
Zambia,ZMB,East Africa,2004,50.1,0,0,49.5,49.4,48.1,-0.6,-0.7,-2.0
Zambia,ZMB,East Africa,2005,49.5,1,1200000,49.4,48.1,46.8,-0.1,-1.4,-2.7
Zambia,ZMB,East Africa,2006,49.4,0,0,48.1,46.8,45.6,-1.3,-2.6,-3.8
Zambia,ZMB,East Africa,2007,48.1,0,0,46.8,45.6,44.9,-1.3,-2.5,-3.2
Zambia,ZMB,East Africa,2008,46.8,0,0,45.6,44.9,43.9,-1.2,-1.9,-2.9
Zambia,ZMB,East Africa,2009,45.6,0,0,44.9,43.9,42.8,-0.7,-1.7,-2.8
Zambia,ZMB,East Africa,2010,44.9,0,0,43.9,42.8,41.1,-1.0,-2.1,-3.8
Zambia,ZMB,East Africa,2011,43.9,0,0,42.8,41.1,39.1,-1.1,-2.8,-4.8
Zambia,ZMB,East Africa,2012,42.8,0,0,41.1,39.1,37.3,-1.7,-3.7,-5.5
Zambia,ZMB,East Africa,2013,41.1,0,0,39.1,37.3,35.1,-2.0,-3.8,-6.0
Zambia,ZMB,East Africa,2014,39.1,0,0,37.3,35.1,33.4,-1.8,-4.0,-5.7
Zambia,ZMB,East Africa,2015,37.3,0,0,35.1,33.4,31.8,-2.2,-3.9,-5.5
Zambia,ZMB,East Africa,2016,35.1,0,0,33.4,31.8,31.5,-1.7,-3.3,-3.6
Zambia,ZMB,East Africa,2017,33.4,0,0,31.8,31.5,32.1,-1.6,-1.9,-1.3
Zambia,ZMB,East Africa,2018,31.8,0,0,31.5,32.1,33.9,-0.3,0.3,2.1
Zambia,ZMB,East Africa,2019,31.5,1,1430000,32.1,33.9,35.7,0.6,2.4,4.2
Zambia,ZMB,East Africa,2020,32.1,0,0,33.9,35.7,36.2,1.8,3.6,4.1
Zambia,ZMB,East Africa,2021,33.9,1,1580000,35.7,36.2,37.2,1.8,2.3,3.3
Zambia,ZMB,East Africa,2022,35.7,0,0,36.2,37.2,,0.5,1.5,
Zambia,ZMB,East Africa,2023,36.2,0,0,37.2,,,1.0,,
Zimbabwe,ZWE,East Africa,2002,32.8,0,0,31.8,31.4,30.6,-1.0,-1.4,-2.2
Zimbabwe,ZWE,East Africa,2003,31.8,0,0,31.4,30.6,29.5,-0.4,-1.2,-2.3
Zimbabwe,ZWE,East Africa,2004,31.4,0,0,30.6,29.5,28.7,-0.8,-1.9,-2.7
Zimbabwe,ZWE,East Africa,2005,30.6,0,0,29.5,28.7,27.9,-1.1,-1.9,-2.7
Zimbabwe,ZWE,East Africa,2006,29.5,0,0,28.7,27.9,27.1,-0.8,-1.6,-2.4
Zimbabwe,ZWE,East Africa,2007,28.7,1,2100000,27.9,27.1,28.0,-0.8,-1.6,-0.7
Zimbabwe,ZWE,East Africa,2008,27.9,0,0,27.1,28.0,29.2,-0.8,0.1,1.3
Zimbabwe,ZWE,East Africa,2009,27.1,0,0,28.0,29.2,29.9,0.9,2.1,2.8
Zimbabwe,ZWE,East Africa,2010,28.0,1,1667618,29.2,29.9,29.6,1.2,1.9,1.6
Zimbabwe,ZWE,East Africa,2011,29.2,0,0,29.9,29.6,31.1,0.7,0.4,1.9
Zimbabwe,ZWE,East Africa,2012,29.9,0,0,29.6,31.1,33.4,-0.3,1.2,3.5
Zimbabwe,ZWE,East Africa,2013,29.6,1,4300000,31.1,33.4,34.3,1.5,3.8,4.7
Zimbabwe,ZWE,East Africa,2014,31.1,0,0,33.4,34.3,32.8,2.3,3.2,1.7
Zimbabwe,ZWE,East Africa,2015,33.4,0,0,34.3,32.8,30.9,0.9,-0.6,-2.5
Zimbabwe,ZWE,East Africa,2016,34.3,0,0,32.8,30.9,31.0,-1.5,-3.4,-3.3
Zimbabwe,ZWE,East Africa,2017,32.8,1,6900000,30.9,31.0,30.0,-1.9,-1.8,-2.8
Zimbabwe,ZWE,East Africa,2018,30.9,0,0,31.0,30.0,28.2,0.1,-0.9,-2.7
Zimbabwe,ZWE,East Africa,2019,31.0,0,0,30.0,28.2,24.8,-1.0,-2.8,-6.2
Zimbabwe,ZWE,East Africa,2020,30.0,0,0,28.2,24.8,21.4,-1.8,-5.2,-8.6
Zimbabwe,ZWE,East Africa,2021,28.2,1,167500,24.8,21.4,19.7,-3.4,-6.8,-8.5
Zimbabwe,ZWE,East Africa,2022,24.8,0,0,21.4,19.7,,-3.4,-5.1,
Zimbabwe,ZWE,East Africa,2023,21.4,0,0,19.7,,,-1.7,,
